label,text,wakati_text
-1.0,グレタさんは周りにおもちゃにされてるし毎日全世界でニュースにするメディアの異常さを感じて気持ちが悪い。メディアってカルト好きでしょ。,グレタ さん 周り おもちゃ する れる る 毎日 世界 ニュース する メディア 異常だ さ 感じる 気持ち 悪い メディア カルト 好きだ
-1.0,"俺含め日本人みたいなモグラしかいない連中にとってグレタさんみたいな象徴的なキャラクターは俯瞰するだけで環境問題に上向きに関与出来たと勘違いする奴が多いから新聞に書きやすいんですね〜〜〜
まぁ知る事は重要だけど",俺 含める 日本 人 モグラ いる ない 連中 とる グレタ さん 象徴 的だ キャラクター 俯瞰 する 環境 問題 上向き 関与 出来る 勘違い する 奴 多い 新聞 書く やすい 知る 事 重要だ
-1.0,"グレタさんや早く日本に来いよ

日本の鉄道はドイツの比じゃないぞ

火力発電の恩恵を受ける、超満員の日本の鉄道は、あなたの言葉を借りれば「鉄道の需要が高いから素晴らしい！」よなぁ！

 https://t.co/4fEBxhfWJ3",グレタ さん 早い 日本 来る いる 日本 鉄道 ドイツ 比 ない 火力 発電 恩恵 受ける 満員 日本 鉄道 あなた 言葉 借りる 鉄道 需要 高い 素晴らしい
-1.0,グレタさん面倒くさそうだな,グレタ さん 面倒くさい そうだ
-1.0,"グレタって結局何がしたいの？俺としてはただの大人のおもちゃって存在なんだがw
活動家ってっ括りで言うと、周庭さんとグレタを比較すると行動力と発言力にめちゃくちゃ雲泥の差が有りすぎてさ笑っちゃうよね。",グレタ 何 する たい 俺 する 大人 おもちゃ 存在 活動 家 る 括り 言う 周 庭 さん グレタ 比較 する 行動 力 発言 力 めちゃくちゃだ 雲泥 差 有る すぎる する 笑う う
1.0,RT @toshi9monsters: グレタさん叩きをしている人の方がきーきー言ってるように見えると言う事実www,グレタ さん 叩き する いる 人 方 きく 言う る 見える 言う
1.0,RT @akama58250735: グレタさん効果なのか、環境問題に多くの人が関心を持っているのは素晴らしい事です。しかしこういった事情が殆ど知られる事無く、皆が心の中に漠然と作り出した「悪者」を叩いている状況には危機感を覚えます。,グレタ さん 効果 環境 問題 多く 人 関心 持つ いる の 素晴らしい 事 事情 知る れる 事 無い 心 中 漠然たる 作る 出す 悪者 叩く いる 状況 危機 感 覚える ます
-1.0,グレタさんを盾に取って批判封じを狙う大人もワルですが、しょせんは雑魚。あくまで、巨悪はグレタさんです。したがって、手を緩めることなく全力で彼女を（主張で）ぶん殴り続けるべきです。「さすがに叩かれ過ぎ」「かわいそう」などの迷いが生じていませんか？　それは、まさに彼女の術中ですよ。 https://t.co/VDcHNjO8lS,グレタ さん 盾 取る 批判 封じ 狙う 大人 ワルだ しょせん 雑魚 巨悪 グレタ さん 手 緩める こと ない 全力 彼女 主張 殴る 続ける 叩く れる 過ぎる かわいそうだ 迷い 生ずる いる ます 彼女 術中
1.0,いい大人がグレタさんを貶めようと必死になって恥ずかしくないのかね。,いい 大人 グレタ さん 貶める 必死だ なる 恥ずかしい ない
1.0,"なるほど。
 
「男性たちが女性、特に年下の女性にやたらといろいろ説明したがる本能も、イライラさせるのかもしれないとする。」

「なぜ、いい年した男の人がグレタさんに反発」　茂木健一郎氏がツイッターで持論展開（J-CASTニュース） https://t.co/HCQicWFrUX",男性 たち 女性 年下 女性 やたらだ 説明 する がる 本能 する せる しれる ない する いい 年 する 男 人 グレタ さん 反発 茂木 健一郎 氏 ツイッター 持論 展開 ニュース
1.0,"グレタさんの件、色々と矛盾多かったりな所あるけど行動してる子供を大勢の匿名の大人たちがけなしたり馬鹿にしてるのなんか腹立つ。どっちが子供なんだか....ってなる。

今回はグレタさんが悪いけど。",グレタ さん 件 矛盾 多い ない 所 ある 行動 する る 子供 大勢 匿名 大人 たち けなす 馬鹿だ する る の 腹立つ 子供 なる 今回 グレタ さん 悪い
1.0,まあグレタさんがファーストクラス車乗ってたからって、だから何だよね。バカは揚げ足取りやあら探しで何か大層なこと言った気になるからな。,グレタ さん ファースト クラス 車 乗る たい 何 バカだ 揚げ 足取り あら探し 何 大層だ こと 言う 気 なる
-1.0,RT @6d745: グレタさんが中国にもアグレッシブに当たって行く人なら、わたしも応援するんだけどな。相手を選ぶところも、萌え絵には抗議するが、男性器を切り刻む画像を送りつけるような実在のハラスメントにはスルーなフェミニストみたいなのよね。。,グレタ さん 中国 アグレッシブだ 当たる 行く 人 わたし 応援 する 相手 選ぶ ところ 萌え 絵 抗議 する 男性 器 切る 刻む 画像 送る つける 実在 ハラスメント スルー フェミニスト
1.0,"RT @don_jardine: 茂木健一郎「なぜ、いい年した男の人がグレタさんに反発するのだろう？」

男に限らずグレタさん問題に苛立っている人が多いのは、この手の人物が重要なエネルギーの議論を「いい年した男ｖｓ少女」という陳腐な対立図式にすり替え彼女の主張の是非を具に論じよ…",茂木 健一郎 いい 年 する 男 人 グレタ さん 反発 する 男 限る グレタ さん 問題 苛立つ いる 人 多い の 手 人物 重要だ エネルギー 議論 いい 年 する 男 ｖｓ 少女 いう 陳腐だ 対立 図式 する 替える 彼女 主張 具 論じる
-1.0,"@sonkoubun 下地ミキオとやら。お前さんどんな知的レベルなんだ？
グレタがいつ科学的データに基づく根拠を示した？
CO2が目視出来るとか、自分に従わない人間は粛正するっていってる洗脳されたクソガキだぞ！
何が凄いんだ？",下地 ミキオ お前 さん 知的だ レベル グレタ いつ 科学 的だ データ 基づく 根拠 示す 2 目 視 出来る 自分 従う ない 人間 粛正 する いう る 洗脳 する れる クソガキ 何 凄い
-1.0,グレタさんの電車のやつ、ここまで、自演乙wwwって流れも早々ないなって思った。,グレタ さん 電車 やつ 自演 乙 流れ ない なる 思う
1.0,"なんというか、まだ子供ですしね。

自分の世界が見えるすべてで、それをわかってもらいたくて世界的な問題みたいに風呂敷広げる。

広げすぎてこういうこともする。

まぁ、首を絞めすぎないようにしてください🤤

「グレタさん「帰りの列車は超満員」 ドイツ鉄道が応酬」  https://t.co/yWvyE1EjPt",子供 自分 世界 見える わかる もらう たい 世界 的だ 問題 風呂敷 広げる 広げる すぎる こと する 首 絞める すぎる ない する くださる グレタ さん 帰り 列車 満員 ドイツ 鉄道 応酬
-1.0,&gt;RT これらのツイートを合わせて考えると、グレタさんの周囲には彼女のことを考えず彼女を使い倒そうとする過激でヤバイ大人がいるということなんだと思う。,こ れ ら ツイート 合わせる 考える グレタ さん 周囲 彼女 こと 考える 彼女 使う 倒す する 過激だ ヤバイ 大人 いる いう こと 思う
-1.0,"実際は技術屋だったり経済関係の方が環境問題に対して真摯に取り組んでる感じするよねー。浅い知識で環境問題どうにかしろって言ってる奴らはそういう勉強だったり研究頑張った方が有意義だよ。

 グレタさん「帰りは超満員電車」 ドイツ鉄道が応酬  https://t.co/21UkmVBB6b",技術 屋 経済 関係 方 環境 問題 対する 真摯だ 取り組む る 感じる する 浅い 知識 環境 問題 する 言う る 奴 ら 勉強 研究 頑張る 方 有意義だ グレタ さん 帰り 満員 電車 ドイツ 鉄道 応酬
-1.0,@zamamiyagarei そんな話じゃない、単にCO2が原因であると言う風潮に否定的だと言う意見は多数ある、彼女の断定的な言い方と、少女であると言うポリコレで反論を許さぬと言う姿勢が間違っている、要は内容に結びつかない、受け付けないグレタさん側を推す姿勢に疑問を感じているだけの話,話 ない 単 2 原因 言う 風潮 否定 的だ 言う 意見 多数 ある 彼女 断定 的だ 言い 方 少女 言う 反論 許す 言う 姿勢 間違う いる 内容 結びつく ない 受け付ける ない グレタ さん 側 推す 姿勢 疑問 感じる いる 話
-1.0,グレタさんには二酸化炭素を沢山排出しているインドに是非行ってもらいたいね,グレタ さん 二 酸化 炭素 排出 する いる インド 行く もらう たい
-1.0,"ドイツ鉄道のグレタさんへの皮肉最高ですわ。こういうのって海外尖ってるよなぁ。
で、この大人に祀り上げられて、自分が正しいヒーローになった気持ちで、自分の意志と疑わず、話題になってる彼女を見ると、ゆだぽんだかそんな奴思い出すけど、彼は今どうなってるんだろうな。
興味ないけど",ドイツ 鉄道 グレタ さん 皮肉だ 最高だ の 海外 尖る る 大人 祀る 上げる られる 自分 正しい ヒーロー なる 気持ち 自分 意志 疑う 話題 なる る 彼女 見る ゆだ ぽん 奴 思い出す 彼 今 なる る 興味 ない
-1.0,"グレタさんとやらは
どこぞの国で指導者になってから
同じことを言えやと
常々思っています

ちなみに日本には
鳩山由紀夫
という前例があります",グレタ さん 国 指導 者 なる 同じだ こと 言える 思う いる ます 日本 鳩山 由紀夫 いう 前例 ある ます
1.0,グレタさんの話題だとみんな面白がって「子供子供」って言うけど多分グレタさんアンタらより数倍教養あるよ。 https://t.co/shTvPRRxg9,グレタ さん 話題 面白い がる 子供 子供 言う グレタ さん アンタ ら 数 倍 教養 ある
-1.0,"グレタさん
どう見ても超満員でもない
ガラガラの通路でプロモーションの撮影をして

見かねたドイツ鉄道さんが
ファーストクラスの席を用意したって

やってることは、ゆすり・たかり

事前に指定席を自分で買っておきましょう

これは人間として当たり前のことです",グレタ さん 見る 満員 ない ガラガラ 通路 プロモーション 撮影 する 見る かねる ドイツ 鉄道 さん ファースト クラス 席 用意 する やる る こと ゆする たかり 事前 指定 席 自分 買う おく ます 人間 する 当たり前だ こと
-1.0,RT @strueno_ncp131: グレタさんがやってること全てが悪いとは思わないけど、本当に環境を大切にするのなら「絶対に飛行機には乗らない！飛行機は悪！」って言うより「すみません、なるべく環境に優しい飛行機を使ってます」のほうが世の中の飛行機を利用している人たちからも共…,グレタ さん やる る こと 悪い 思う ない 本当だ 環境 大切だ する 飛行機 乗る ない 飛行機 悪 言う 環境 優しい 飛行機 使う ます ほう 世の中 飛行機 利用 する いる 人 たち 共
1.0,"グレタさんをdisってる方々は、中高年の男性。何が気に入らないのか不思議。
何がどうあれ、あそこまで行動を伴うブレない主張ができるグレタさんは素敵❣️",グレタ さん る 方々 中高年 男性 何 気に入る ない 不思議だ 何 ある 行動 伴う ブレる ない 主張 できる グレタ さん 素敵だ
1.0,グレタさんアンチ日本にも多いけどワシは最高にロックだと思う👍グレタさん好きよ…,グレタ さん アンチ 日本 多い ワシ 最高だ ロック 思う グレタ さん 好きだ
1.0,@kei_Houdini @afpbbcom グレタさん、いいよね。,グレタ さん いい
1.0,俺はグレタさん好きやで。面白いから。,俺 グレタ さん 好きだ 面白い
-1.0,グレタさんのプロがとったであろう写真を見て、インフルエンサーがこの写真は16歳が自撮りしただけで、プロのものじゃない！っていうのは流石に無理がありすぎる...egs投資...高騰...大儲けって感じだね...。,グレタ さん プロ とる 写真 見る 写真 16 歳 自 撮り する プロ もの ない いう の 無理 ある すぎる 投資 高騰 大儲け 感じ
1.0,"汚い大人達が揚げ足ばっか
とるんじゃないよ。
みっともない。
グレタさん叩かないであげてよ。",汚い 大人 達 揚げ足 とる ない みっともない グレタ さん 叩く あげる
-1.0,"グレタが身に着けてる服や小物、旅行バッグ類に化学繊維が大量に使われてるように見えるんだが、そのへんはどう言い訳するのかな？

グレタさん「帰りの列車は超満員」  ドイツ鉄道とツイッターで小競り合い https://t.co/V3Mn0aTQKt @afpbbcomさんから",グレタ 身 着ける る 服 小物 旅行 バッグ 類 化学 繊維 大量だ 使う れる る 見える そのへん 言い訳 する グレタ さん 帰り 列車 満員 ドイツ 鉄道 ツイッター 小競り合い さん
-1.0,噓つきグレタさん。,つき グレタ さん
-1.0,グレタさんただのクソガキやん,グレタ さん クソガキ やん
1.0,グレタさん嘘ばらされてキュートじゃないか https://t.co/UkYK8mVYMn,グレタ さん 嘘 ばらす れる キュートだ ない
-1.0,"グレタさんってきちんとなんで嘘をついたのか説明しましたっけ？
まさかおサヨお得意の逆ギレでなんとかしようとしてます？",グレタ さん 嘘 つく 説明 する ます サヨ 得意だ 逆だ する する ます
-1.0,グレタさん、一番の二酸化炭素排出国である中国は批判しなかった時点でお察し下さいなのか？と感じた。,グレタ さん 二 酸化 炭素 排出 国 中国 批判 する ない 時点 察する 下さる 感じる
1.0,"グレタさんみたいな人って出る杭だから人間が悪意を持って全力で落としに行く対象になりやすいんだよな

それでもドイツ鉄道は大人気ない
ドイツってそういうのないと思ってたのになんかガッカリ…",グレタ さん 人 出る 杭 人間 悪意 持つ 全力 落とす 行く 対象 なる やすい ドイツ 鉄道 大人気ない ドイツ ない 思う る
-1.0,"RT @g0Bzwq8BCek5s7M: @shiikazuo グレタさんの最大の敵は日本の８倍のCO2を排出する環境後進国中共の政府だと思います。
日本共産党さんと同じですね(^^)/",グレタ さん 最大だ 敵 日本 ８ 倍 2 排出 する 環境 後進 国 中 共 政府 思う ます 日本 共産党 さん 同じだ ね
-1.0,"@mikioshimoji グレタさんはただのお花畑🌼なだけ。
ただ演説するだけなら誰でも出来るんだよなー

大人に説教するぐらいなら、勉強して新エネルギー開発してよ",グレタ さん お花畑 演説 する 誰 出来る 大人 説教 する ぐらい 勉強 する エネルギー 開発 する
-1.0,RT @liverave: @mikioshimoji 僕も中国に文句を全く言わないグレタさんは本当に凄い人だと思います,僕 中国 文句 言う ない グレタ さん 本当だ 凄い 人 思う ます
1.0,"茂木健一郎氏「なぜいい年した男の人がグレタさんに反発？攻撃している男たちこそ彼女を見習うべき」 https://t.co/f4ZvE7PaGi
こんな奴が脳科学者とか 学問を疑っちゃう人が出て来るから 引っ込んでた方が良いよ",茂木 健一郎 氏 いい 年 する 男 人 グレタ さん 反発 攻撃 する いる 男 たち 彼女 見習う 奴 脳 科学 者 学問 疑う う 人 出る 来る 引っ込む 良い
1.0,"長距離電車を乗り継いで、実際に座れないこともあった乗客のグレタさんが嘘ついてるみたいに誤解されたのがかわいそう。

ドイチェバーン、我もひどい目に何度も遭わされたから、奴らのあくどい神経は分かる！！！

あいつらのなってないサービスのせいで、悔しい思いをしたことを思い出した。",距離 電車 乗る 継ぐ 座れる ない こと ある 乗客 グレタ さん 嘘 つく る 誤解 する れる の かわいそうだ ドイチェバーン 我 ひどい 目 何度 遭う す れる 奴 ら あくどい 神経 分かる あいつ ら なる ない サービス せい 悔しい 思い する こと 思い出す
-1.0,"偽善者なんだよ、結局。
電気のない町で暮らしてみろよ。

ドイツ鉄道、グレタさんにツイッターで応酬　「混雑し過ぎ」と形容され（https://t.co/xdXHr0iISJ） https://t.co/JTdO05B1LX",偽善 者 電気 ない 町 暮らす みる ドイツ 鉄道 グレタ さん ツイッター 応酬 混雑 する 過ぎる 形容 する れる （）
-1.0,RT @hiwa1118: グレタさん、もうそろそろ実世界に戻るべきだし、周りの大人もそうすべき。ドイツ鉄道でのTwitterでもそうだけど、明らかに破綻している。彼女はもう十分役割を果たしたと思う。,グレタ さん 世界 戻る 周り 大人 する ドイツ 鉄道 明らかだ 破綻 する いる 彼女 十分だ 役割 果たす 思う
1.0,グレタさんヨットで移動しようが電車で移動しようが息しようが非難されるのかわいそう グレタさんが活動したからこそ大勢に知られるようになった問題とかも実際あんでしょうに,グレタ さん ヨット 移動 する 電車 移動 する 息 する 非難 する れる かわいそうだ グレタ さん 活動 する 大勢 知る れる なる 問題 あん
1.0,アイデアをプロモートして行動して注目を集めて、大舞台に招待されて、さらに大きなオーディエンスに対してインパクトを与える能力を持っているグレタさんとそのチームはすごいと思うし、枝葉の電車やら何やらUIに文句言う方々には同じことをさらにクリーンにできるのですねスゴイ見てみたいと返す。,アイデア プロモート する 行動 する 注目 集める 大舞台 招待 する れる オーディエンス 対する インパクト 与える 能力 持つ いる グレタ さん チーム すごい 思う 枝葉 電車 何 文句 言う 方々 同じだ こと クリーンだ できる スゴイ 見る みる たい 返す
-1.0,"グレタさんもゆたぼんも
言ってることは一理ある

ただ、やってる事が100%間違ってるから支持されないんだよなぁ",グレタ さん ゆ た ぼん 言う る こと 一理 ある やる る 事 100 間 違う る 支持 する れる ない
-1.0,"グレタさんもトランプさんも嫌いよ。
ただただ口が悪い、毒舌とも違う。
というか似てるね、2人とも。
温暖化の科学的信憑性が低いのは学者の間では常識だそう。
そこの議論が感情抜きに行われるなら良いけど、
なんなんこの茶番。",グレタ さん トランプ さん 嫌いだ 口 悪い 毒舌 違う いう 似る る 2 人 温暖だ 化 科学 的だ 信憑性 低い の 学者 間 常識 議論 感情 抜き 行う れる 良い 茶番
1.0,っていうので、グレタさん批判する開き直り人間は滑稽極まりない,いう グレタ さん 批判 する 開き直り 人間 滑稽だ 極まりない
-1.0,グレタさん…出発は良かったんだけどね…地位と名誉に堕ちたって感じ。,グレタ さん 出発 良い 地位 名誉だ 堕ちる 感じ
-1.0,なんだかなぁ… / グレタさん「帰りの列車は超満員」  ドイツ鉄道とツイッターで小競り合い https://t.co/Gp5513whUP #スマートニュース,グレタ さん 帰り 列車 満員 ドイツ 鉄道 ツイッター 小競り合い スマートだ ニュース
1.0,RT @misagus_kaicho: @Ep354FZnrHUhoGJ 私には、グレタさんを叩いているようにしか見えませんでした。日本って、グレタさんに対して批判してる人が多い気がします(私はグレタさんのことは知りませんが…),私 グレタ さん 叩く いる 見える ます 日本 グレタ さん 対する 批判 する る 人 多い 気 する ます 私 グレタ さん こと 知る ます
1.0,"グレタさんネタにされてるけど
このままだと地球が色々ヤバいのは本当だし
…顔を真っ赤にさせて熱弁する切羽詰まった感は正直まだ無い…が、東京にいるのと地方にいるとでは違うことがわかるし環境に優しく生きたいと思うし先のこと少しは考えていきたいよ",グレタ さん ネタ する れる る 地球 ヤバい の 本当だ 顔 真っ赤だ する せる 熱弁 する 切羽詰まる 感 無い 東京 いる の 地方 いる 違う こと わかる 環境 優しい 生きる たい 思う 先 こと 考える いく たい
-1.0,グレタさんはすっかり筋金入りの環境ゴロになったという理解,グレタ さん 筋金入り 環境 ゴロ なる いう 理解
-1.0,"わたしは
グレタさん嫌い。",わたし グレタ さん 嫌いだ
1.0,グレタさんを叩いてる人は、なにか目指しているものや意図があってやっているのだろうかしら(批判や彼女の擁護とかじゃなく素朴な疑問として),グレタ さん 叩く る 人 なに 目指す いる もの 意図 ある やる いる かしら 批判 彼女 擁護 ない 素朴だ 疑問 する
-1.0,グレタさんって、「環境型」ハラスメントだよね,グレタ さん 環境 型 ハラスメント
-1.0,基本的に、おいらは、グレタさんを一切信用してません。,基本 的だ いら グレタ さん 信用 する ます
1.0,ぼくがグレタさんを評価するに至ったのは、その公の場でのスピーチの内容がほとんどすべてであって、気候変動の問題について、現時点での科学的知見を（おそらく探求学習で学んで）把握し、人類がとるべき行動を余計な忖度なしに伝えている。その姿勢が良いと思ったから、グレタさんに注目するに至った,ぼく グレタ さん 評価 する 至る の 公 場 スピーチ 内容 気候 変動 問題 つく 時点 科学 的だ 知見 探求 学習 学ぶ 把握 する 人類 とる 行動 余計だ 忖度 なし 伝える いる 姿勢 良い 思う グレタ さん 注目 する 至る
-1.0,"ムーンライトながらはともかく、グレタさんの件はわざと恥をかかせているレベルのやらかしが出てきているわけだが、周囲にまともな大人が居ないような気配がする
掣肘すりゃあいいってわけでもないが",ムーンライト グレタ さん 件 恥 かかせる いる レベル かし 出る くる いる 周囲 まともだ 大人 居る ない 気配 する 掣肘 する あう いく ない
-1.0,"うんざり😩

ドイツ鉄道、グレタさんにツイッターで応酬　「混雑し過ぎ」と形容され（https://t.co/ysEvxHnOuv） - Yahoo!ニュース https://t.co/t0hpp1YZB8",ドイツ 鉄道 グレタ さん ツイッター 応酬 混雑 する 過ぎる 形容 する れる （） ニュース
-1.0,RT @Monkytomy: グレタさんの主張は確かにおかしいけど、子供が頑張ってるから温かく見守りましょう、あれだけの演説ができるのは将来が楽しみです。くらいのコメントにしてほしいよね。大人なら。,グレタ さん 主張 確かだ おかしい 子供 頑張る る 温かい 見守る ます 演説 できる の 将来 楽しみだ コメント する ほしい 大人
-1.0,CFRPと新素材セイルで炭素含有量が明らかに多いヨットで海を渡り、飛行機搭乗者を「空気を汚す恥知らず」と罵り、飛行機で帰宅の途についたグレタさん,素材 セイル 炭素 含有 量 明らかだ 多い ヨット 海 渡る 飛行機 搭乗 者 空気 汚す 恥知らずだ 罵る 飛行機 帰宅 途 つく グレタ さん
1.0,グレタさんに批判的な人も称賛してる人も、どっちも「子供なんだから」って言ってるのが興味深い。,グレタ さん 批判 的だ 人 称賛 する る 人 子供 言う る の 興味深い
-1.0,"ばかなの　&gt;ドイツ鉄道、グレタさんにツイッターで応酬　「混雑し過ぎ」と形容され　
https://t.co/UwO9C1OW1d",ばかだ ドイツ 鉄道 グレタ さん ツイッター 応酬 混雑 する 過ぎる 形容 する れる
-1.0,@red_hom 推測でしかありませんが、幼い頃から「気候変動に対する恐怖心」を大人から刷り込まれて育った結果としてあるのが現在のグレタさんなので、その宗教的洗脳を解かない限り理論的な発想を求めること自体に無理があると思います。オウムを思い出してください。洗脳は理性や知能をスポイルします。,推測 ある ます 幼い 頃 気候 変動 対する 恐怖 心 大人 刷る 込む れる 育つ 結果 する ある の 現在 グレタ さん 宗教 的だ 洗脳 解く ない 限り 理論 的だ 発想 求める こと 自体 無理 ある 思う ます オウム 思い出す くださる 洗脳 理性 知能 する ます
-1.0,"いたいけな少女なのだから加減をしろ、という事ですかね。大人と対等の立場として論壇に上がってきたグレタ氏にその言い訳は通用しないのでは

茂木健一郎氏が持論展開「なぜいい年した男の人がグレタさんに反発？攻撃している男たちこそ彼女を見習うべき」 https://t.co/NzXqrirbRe @sharenewsjapan1",いたいけだ 少女 加減 する いう 事 大人 対等だ 立場 する 論壇 上がる くる グレタ 氏 言い訳 通用 する ない 茂木 健一郎 氏 持論 展開 いい 年 する 男 人 グレタ さん 反発 攻撃 する いる 男 たち 彼女 見習う 1
-1.0,グレタさんってやっぱり大人たちの広告塔なのかな,グレタ さん 大人 たち 広告 塔
1.0,"グレタちゃんを叩くのはまあいいとしても、グレタちゃんが仮に黙っても何ら気候変動が解決しないってのは心に留めておきたいよね。

グレタさん「帰りの列車は超満員」 ドイツ鉄道とツイッターで小競り合い　写真10枚　国際ニュース：AFPBB News https://t.co/8PeulN3Rfh",グレタ ちゃん 叩く の まあい いと する グレタ ちゃん 黙る 気候 変動 解決 する ない の 心 留める おく たい グレタ さん 帰り 列車 満員 ドイツ 鉄道 ツイッター 小競り合い 写真 10 枚 国際 ニュース
-1.0,グレタさん、もうそろそろ実世界に戻るべきだし、周りの大人もそうすべき。ドイツ鉄道でのTwitterでもそうだけど、明らかに破綻している。彼女はもう十分役割を果たしたと思う。,グレタ さん 世界 戻る 周り 大人 する ドイツ 鉄道 明らかだ 破綻 する いる 彼女 十分だ 役割 果たす 思う
-1.0,"主張だけで戦ってればまだいくらか世論が味方についたのに、こういう演出を見ちゃうとね... https://t.co/MB1NBGj5er

「環境問題に取り組むグレタさん「超満員電車で帰るところです」と床に座ってる写真..」https://t.co/4YQNO7oO8S にコメントしました。",主張 戦う る 世論 味方 つく 演出 見る う ね 環境 問題 取り組む グレタ さん 満員 電車 帰る ところ 床 座る る 写真 コメント する ます
1.0,グレタさん叩き、ほんとなぞ。,グレタ さん 叩く ほんとだ
-1.0,"環境活動家のグレタさん？
学校サボる口実に地球温暖化を持ち出してるだけのおガキ様だろ？

中国相手にも同じ様にco2の排出を減らせと言える様になったら
このおガキ様の言い分も少しは聞く気になるんですがね
#ntv #日テレ #日本テレビ #ミヤネ屋",環境 活動 家 グレタ さん 学校 サボる 口実 地球 温暖だ 化 持ち出す る ガキ 様 中国 相手 同じだ 様 2 排出 減らす 言える 様 なる ガキ 様 言い分 聞く 気 なる すがね 日テレ 日本 テレビ ミヤネ 屋
-1.0,グレタさん、志はかっこいいんだから、人を騙す嘘やめればイオのに,グレタ さん 志 かっこいい 人 騙す 嘘 やめる イオ
-1.0,"左翼活動家って嘘と営業妨害大好きだよな。

「ファーストクラス（1等車）であなたをおもてなししたフレンドリーで有能な弊社スタッフについても触れていただけたら良かったです」

グレタさん「帰りの列車は超満員」  ドイツ鉄道とツイッターで小競り合い https://t.co/wnxOzfzxZH",左翼 活動 家 嘘 営業 妨害 大好きだ ファースト クラス 1 等 車 あなた もてなし する フレンドリーだ 有能だ 弊社 スタッフ つく 触れる いただける 良い グレタ さん 帰り 列車 満員 ドイツ 鉄道 ツイッター 小競り合い
1.0,"グレタさんを批判する人って病んでる人じゃないの？
素直に素晴らしいと褒めるべき。
海外では大人気なのに。
日本人は心が汚れているな😭",グレタ さん 批判 する 人 病む る 人 ない 素直だ 素晴らしい 褒める 海外 大人気ない 日本 人 心 汚れる いる るな
-1.0,"@shiikazuo 可愛そうだけどグレタさんは利用されてるだけ。
彼女自身分かっているかは知らないが
彼女をバックアップするチームには中国の関係の深い弁護士や環境団体がいる。
結果としてグレタさんは中国を非難していない。
#アースジャスティス",可愛い そうだ グレタ さん 利用 する れる る 彼女 自身 分かる いる 知る ない 彼女 バックアップ する チーム 中国 関係 深い 弁護 士 環境 団体 いる 結果 する グレタ さん 中国 非難 する いる ない
1.0,権力者は新しい動きが起ころうとすると一斉にバッシングする。それは紛れもなく彼らが恐れているから。自分の地位や財産を失いたくないから。グレタさんを攻撃する大人を見ても、日本の政治を見てもそう。今のまま、人が無知なままいいように利用され続けてれば良いと思ってる。,権力 者 新しい 動き 起こる する 一斉だ バッシング する 紛れ ない 彼 ら 恐れる いる 自分 地位 財産 失う たい ない グレタ さん 攻撃 する 大人 見る 日本 政治 見る 今 まま 人 無知だ いい 利用 する れる 続ける る 良い 思う る
-1.0,"みんな環境に良いものの方が好ましいのは分かってるけど
美味しいものとか便利な道具とか楽な暮らしとか楽しい娯楽を手放せない業が妨げてるというのが根本の問題なので
グレタさんもそれに気付かないと建設的な議論はできんやろうな
本人も美味しそうにバナナ食ってるし",環境 良い もの 方 好ましい の 分かる る 美味しい もの 便利だ 道具 楽だ 暮らし 楽しい 娯楽 手放せる ない 業 妨げる る いう の 根本 問題 グレタ さん 気付く ない 建設 的だ 議論 できる 本人 美味しい そうだ バナナ 食う る
-1.0,日本でグレタさんを応援してる人って基本的にチグハグなんだよね…,日本 グレタ さん 応援 する る 人 基本 的だ チグハグだ
-1.0,RT @y_yasukuni: グレタさんは日本の満員電車を体験してもらってそんな中通勤を強いる上層部を叱ったほうが支持を得られるぞw,グレタ さん 日本 満員 電車 体験 する もらう 中 通勤 強いる 上層 部 叱る ほう 支 持 得る ら れる る
-1.0,グレタさん、お馬鹿さんか。,グレタ さん 馬鹿だ さん
-1.0,"周りにいる大人が馬鹿なんでしょう、すぐばれる事も分からずSNS使っているんですから。
後、写真見た感じではICEじゃなくECみたいです.. https://t.co/QVIEb6jsQZ

「環境問題に取り組むグレタさん「超満員電車で帰るところです」と床に座ってる写真..」https://t.co/UAAoq1TFEp にコメントしました。",周り いる 大人 馬鹿だ ばれる 事 分かる 使 いる 後 写真 見る 感じ じゃ ない み たい 環境 問題 取り組む グレタ さん 満員 電車 帰る ところ 床 座る る 写真 コメント する ます
1.0,"グレタさんが嘘をついたからって責めないであげて。
そんなに責めたらグレちゃうよ",グレタ さん 嘘 つく 責める あげる 責める グレる う
-1.0,"鉄道だって自然を切り開き、今乗れるようになるまでどれだけ環境に負荷をかけたと思ってるんだろう。飛行機はNO、鉄道はYESは安直だなぁ。

ホリエモンよりグレタさんは「760万倍賢い」―温暖化防止「飛び恥」の衝撃(志葉玲) - Y!ニュース https://t.co/tqH6sdvqW2",鉄道 自然だ 切り開く 今 乗れる なる 環境 負荷 かける 思う る 飛行機 鉄道 安直だ ホリエモン グレタ さん 760万 倍 賢い 温暖だ 化 防止 飛び 恥 衝撃 志葉 玲 ニュース
-1.0,"嘘松やんけ。

【これは酷い】グレタさん「電車に乗ったら超満員・・・だけど私、床に座って頑張っちゃう！」鉄道会社「あのさぁ・・・」 : オレ的ゲーム速報＠刃 https://t.co/0hC5ZfHfmz",嘘 松やん け 酷い グレタ さん 電車 乗る 満員 私 床 座る 頑張る う 鉄道 会社 さ オレ 的だ ゲーム 速報 刃
-1.0,グレタさんのあれこれを見ていると、なんでもいいんだな、と思う。代理戦争というか。宮迫さんでもいいし、徳井さんでもいいし。とにかく、みんなでやっつけろ。,グレタ さん 見る いる いい 思う 代理 戦争 いう 宮迫 さん いい 徳井 さん いいい やっつける
-1.0,"彼女の動向を取り巻くトピックが常にこういう下らない問題に矮小化されてることが環境問題からかけ離れてて馬鹿馬鹿しい

グレタさん「帰りの列車は超満員」  ドイツ鉄道とツイッターで小競り合い https://t.co/RgOsRsJjPQ @afpbbcomから",彼女 動向 取り巻く トピック 下らない 問題 矮小 化 する れる る こと 環境 問題 かけ離れる る 馬鹿馬鹿しい グレタ さん 帰り 列車 満員 ドイツ 鉄道 ツイッター 小競り合い
-1.0,RT @HTMT000: 環境活動家(笑)のグレタさん。朝日毎日が推してるあたりお察しなんだよなあ,環境 活動 家 笑 グレタ さん 朝日 毎日 推す る あたり 察する
1.0,"@lTfC8qI4PATLiaC @supeafujie13 なんというか、グレタさんも可愛そうだよなあ。
もう色んな人から監視されてる感じだねえ。
うかつに物言えないね。
ひょっとしたら本人もこんな風になるなら「あの時国連で演説しなきゃよかった。」って内心思っているかもしれない。周りを取り巻く大人が悪かったのかもしれんけど…。",グレタ さん 可愛い そうだ 色んな 人 監視 する れる る 感じ うかつだ 物 言える ない 本人 風 なる 時 国連 演説 する ない よい 思う いる しれる ない 周り 取り巻く 大人 悪い しれる
1.0,"グレタさんの件について騒いでる人が多いけど、そんな批判してやんなよ。あれはまだ子どもだし、あの時期の子どもが何かに超集中することも珍しくはない。

批判されるべきはそれを、様々なシーンにら押し上げた大人。象徴として活用しようとした大人。グレタさんはある程度のところで、被害者だろ。",グレタ さん 件 つく 騒ぐ る 人 多い 批判 する 子ども 時期 子ども 何 集中 する こと 珍しい ない 批判 する れる 様々だ シーン にら 押し上げる 大人 象徴 する 活用 する する 大人 グレタ さん 程度 ところ 被害 者
-1.0,"燃料を燃やす機関は駄目で電気機関はOKという風潮が解らない。
その電気のために消費地から離れた場所では二酸化炭素出してるのでは？
～～～～～～～～～
グレタさん「帰りの列車は超満員」  ドイツ鉄道とツイッターで小競り合い https://t.co/ecfIothLp3 @afpbbcomから",燃料 燃やす 機関 駄目だ 電気 機関 いう 風潮 解る ない 電気 ため 消費 地 離れる 場所 二 酸化 炭素 出す る ～～ ～～ ～～ ～～ グレタ さん 帰り 列車 満員 ドイツ 鉄道 ツイッター 小競り合い
-1.0,"環境問題は最重要な課題だと思うけど、声が大きい活動家って苦手💦
感情的に罪悪感を植えつけようとしてきたり、こういう印象操作みたいな事しするし…
中村医師みたいな本物とは違うよね。

ドイツ鉄道、グレタさんにツイッターで応酬　「混雑し過ぎ」と形容されhttps://t.co/d6fvSsEiZV",環境 問題 重要だ 課題 思う 声 大きい 活動 家 苦手だ 情 的だ 罪悪 感 植える つける する くる 印象 操作 事 しする 中村 医師 本物 違う ドイツ 鉄道 グレタ さん ツイッター 応酬 混雑 する 過ぎる 形容 する れる
1.0,"グレタさんを叩きたい人がこんなにいるのって、グレタさんを好きなだけ叩いても、絶対に叩き返されないからでしょ？情けないね。

叩く暇があったら自分の環境対策論でも展開すれば良いのに、そういうのは無いんでしょ？ https://t.co/YFZEyOCt1N",グレタ さん 叩く たい 人 いる の グレタ さん 好きだ 叩く 叩く 返す れる ない 情けない 叩く 暇だ ある 自分 環境 対策 論 展開 する 良い の 無い
-1.0,"16歳のグレタさんとやら。

抗議のためとはいえ、
『学校を休むっていう選択』
をしてしまう子だっていうことよ。

まだまだ“子供”なわけよ。

なにが言いたいって？

担ぐのは勝手だが、
周囲は彼女の未来を考えろや。

このままじゃ、
残念な大人になる未来だと思う。

#ドイツ鉄道　#帰りの電車",16 歳 グレタ さん 抗議 ため いう 学校 休む いう 選択 する しまう 子 いう こと 子供 なに 言う たい 担ぐ の 勝手だ 周囲 彼女 未来 考える 残念だ 大人 なる 未来 思う ドイツ 鉄道 帰り 電車
-1.0,グレタさんもその周りの大人たちも科学から遠い側の人たちという感じがする,グレタ さん 周り 大人 たち 科学 遠い 側 人 たち いう 感じ する
-1.0,"この子が悪い訳ではない。利用している大人が悪い。若い女の子を叩くのは気持ち悪い。

などと俺は思いません( ˘͈ ᵕ ˘͈  )

グレタさん「帰りの列車は超満員」 ドイツ鉄道とツイッターで小競り合い https://t.co/K9DxDSeamy",子 悪い 訳 ない 利用 する いる 大人 悪い 若い 女の子 叩く の 気持ち 悪い 俺 思う ます グレタ さん 帰り 列車 満員 ドイツ 鉄道 ツイッター 小競り合い
-1.0,"グレタさんは電車を動かすための電気がどれだけのCo2が排出されて作られているのかを知ってて乗ってるのかな？
知らないなら相当なバカだ。",グレタ さん 電車 動かす ため 電気 2 排出 する れる 作る れる いる 知る る 乗る る 知る ない 相当だ バカだ
-1.0,グレタさんがドイツの列車で通路に座らされたって嘘松だけど、どうせなら貨車に乗せられたくらいの嘘をついて欲しかった。ナチス時代のユダヤ人収容所輸送と絡めて批判するくらいじゃないと一生食っていけるだけのプロ市民にはなれないよ。,グレタ さん ドイツ 列車 通路 座る す れる 嘘 松 貨車 乗せる られる くらい 嘘 つく 欲しい ナチス 時代 ユダヤ 人 収容 所 輸送 絡める 批判 する くらい ない 一生 食う いける プロ 市民 なれる ない
-1.0,"え？床でも座れるのに？
何が混雑だよ

ドイツ鉄道、グレタさんにツイッターで応酬　「混雑し過ぎ」と形容され (https://t.co/ObBKM6Oobs) - LINE NEWS https://t.co/SCMdFWDBAY #linenews @news_line_meより",え？ 床 座れる 何 混雑 ドイツ 鉄道 グレタ さん ツイッター 応酬 混雑 する 過ぎる 形容 する れる
1.0,グレタさんがんばれ！,グレタ さん がんばる
-1.0,"環境活動に熱心な少女というより、世間知らずでイタイ子。というイメージしかない。
自分の子供へは「誰かを攻撃することで自分の意見を主張するような人間にはなるな」と教えよう。

「グレタさん「帰りの列車は超満員」 ドイツ鉄道が応酬」  https://t.co/xdGk5LnlCJ",環境 活動 熱心だ 少女 いう 世間知らずだ イタイ 子 いう イメージ ない 自分 子供 誰 攻撃 する こと 自分 意見 主張 する 人間 なる ない 教える グレタ さん 帰り 列車 満員 ドイツ 鉄道 応酬
-1.0,RT @natsuhasha: グレタさんのあれこれを見ていると、なんでもいいんだな、と思う。代理戦争というか。宮迫さんでもいいし、徳井さんでもいいし。とにかく、みんなでやっつけろ。,グレタ さん 見る いる いい 思う 代理 戦争 いう 宮迫 さん いい 徳井 さん いいい やっつける
1.0,"環境活動家のグレタさん、ネットでは結構叩かれてるけど、私は応援したいなぁ。

同じ強迫性障害だしね。

もしかしたら何らかの強迫観念が彼女を大胆な行動や発言に駆り立てているのかも知れないし。

強迫性障害ってそういうところあるんですよ。（推測に過ぎませんが😅）

#グレタさん",環境 活動 家 グレタ さん ネット 叩く れる る 私 応援 する たい 同じだ 強迫 性 障害 強迫 観念 彼女 大胆だ 行動 発言 駆り立てる いる 知れる ない 強迫 性 障害 ところ ある 推測 過ぎる ます グレタ さん
-1.0,グレタさんにはぜひ東京の地獄の満員電車に乗って頂きたいですね,グレタ さん 東京 地獄 満員 電車 乗る 頂く たい
1.0,"海外はみんな賞賛してるのに、日本だけ馬鹿にしてる〜とか言ってる輩は、本当に現実を見ていないのだ

グレタさん「帰りの列車は超満員」 ドイツ鉄道とツイッターで小競り合い https://t.co/5Mo6Oe9HrT",海外 賞賛 する る 日本 馬鹿だ する る 言う る は 本当だ 現実 見る いる ない グレタ さん 帰り 列車 満員 ドイツ 鉄道 ツイッター 小競り合い
-1.0,グレタさん…そろそろ…色々学んだ方がいいぜ…,グレタ さん 学ぶ 方 いい
1.0,"RT @auzuzu_az: 環境活動家のグレタさんな、主張はどうであれみんなが意識しないと解決できない環境問題に関しては先ずはやるかやらないかが大きいから、16歳で世界中に発信できるのは凄いよな。""参加する事に意義がある""大好き芸人のはずのジェネラルアダルトニッポンマンがこぞ…",環境 活動 家 グレタ さん 主張 意識 する ない 解決 できる ない 環境 問題 関する やる やる ない 大きい 16 歳 世界 中 発信 できる の 凄い 参加 する 事 意義 ある 大好きだ 芸人 ジェネラル アダルト ニッポン マン こぞる
-1.0,グレタさんを推すような芸能人とか誰であろうと信用で出来ない。,グレタ さん 推す 芸能 人 誰 信用 出来る ない
-1.0,"RT @amiga2500: 「いい年した男の人」という要素を挙げてる時点で、茂木氏がグレタさんを「一人の発言者」としてでなく、「性別と年齢」を加味した彼女を評価してるってのが丸わかりですね。

https://t.co/bdaaVpKbBb",いい 年 する 男 人 いう 要素 挙げる る 時点 茂木 氏 グレタ さん 一 人 発言 者 する ない 性別 年齢 加味 する 彼女 評価 する る の 丸 わかり
-1.0,しかしグレタさんが中国に物申してたらTwitterの反応もまた変わってたろうになぁ。,グレタ さん 中国 物 申す たら 反応 変わる る
-1.0,"RT @kkurogi2: 今後は、色んな発信をすればするほど自信の生活との辻褄が合わなくなる可能性大ですね。
タイム誌とやらが「今年の顔」に選んだ…その感覚はフジテレビと大差ないですね。

ドイツ鉄道、グレタさんにツイッターで応酬　「混雑し過ぎ」と形容され（https://t…",今後 色んな 発信 する する ほど 自信 生活 辻 合う ない なる 可能だ 性 大 タイム 誌 今年 顔 選ぶ 感覚 フジテレビ 大差 ない ドイツ 鉄道 グレタ さん ツイッター 応酬 混雑 する 過ぎる 形容 する れる
-1.0,飛行機はだめなのに電車はいいんですね。ドイツ鉄道、グレタさんにツイッターで応酬　「混雑し過ぎ」と形容され（https://t.co/o7zIPsxzPB） - Yahoo!ニュース https://t.co/9AHJVFHcnD,飛行機 だめだ 電車 いい ドイツ 鉄道 グレタ さん ツイッター 応酬 混雑 する 過ぎる 形容 する れる （） ニュース
1.0,"RT @kunpushi: @serendipity8179 私もグレタさんを叩くのは異常だと思います☺️
グレタさんは経済優先だけでなく、未来の地球の環境も考えてと言っているだけなのに。
もしかしたら精一杯に一生懸命訴えているのが、怒り顔に見えてヒステリックに映ったからでは。…",私 グレタ さん 叩く の 異常だ 思う ます グレタ さん 経済 優先 ない 未来 地球 環境 考える 言う いる 一生懸命だ 訴える いる の 怒り 顔 見える ヒステリック 映る
-1.0,"グレﾀさんわざわざ突っかかられてるってことはやっぱ嫌われてんだな？
指示してんのってやっぱ｢子供が頑張ってる偉い！｣で思考停止してる層だけなのか…",グレ さん 突っかかる れる る こと 嫌う れる な？ 指示 する の 子供 頑張る る 偉い 思考 停止 する る 層
-1.0,"16歳にてこの影響力。
日本のメディアも、なにかと記事にしますね。

ドイツ鉄道、グレタさんにツイッターで応酬　「混雑し過ぎ」と形容され（https://t.co/tH5Y59CyC0） - Yahoo!ニュース https://t.co/YP1Kznp80t",16 歳 影響 力 日本 メディア 記事 する ます ドイツ 鉄道 グレタ さん ツイッター 応酬 混雑 する 過ぎる 形容 する れる （） ニュース
1.0,グレタさん、大の大人（アメリカ合衆国大統領含む）に個人攻撃されてるのが、むしろそんな個人攻撃される16歳っていないのでそれがすごいのかも。「攻撃しても大丈夫」っていう安心感があるのかも。憎まれっ子世にはばかる。,グレタ さん 大人 アメリカ合衆国 大統領 含む 個人 攻撃 する れる る の 個人 攻撃 する れる 16 歳 いる ない すごい 攻撃 する 大丈夫だ いう 安心 感 ある 憎む れる っ子 世 はばかる
-1.0,"ドイツ国鉄ナイスぅー！！

とりま学校行け。

グレタさん「帰りの列車は超満員」 ドイツ鉄道とツイッターで小競り合い https://t.co/nNOVWecgGQ",ドイツ 国鉄 ナイス うー りま 学校 行く グレタ さん 帰り 列車 満員 ドイツ 鉄道 ツイッター 小競り合い
-1.0,"えwグレ子鉄道に乗っていいんかw?鉄道だって電気で走っててドイツは水力や風力に転換したとは言え半分は化石燃料で電力をフランスにまで輸出してるんだがw

ドイツ鉄道、グレタさんにツイッターで応酬　「混雑し過ぎ」と形容され https://t.co/RzxZLJWQs8 @cnn_co_jpより",い グレ 子 鉄道 乗る いいん 鉄道 電気 走る る ドイツ 水力 風力 転換 する 言える 半分 化石 燃料 電力 フランス 輸出 する る ドイツ 鉄道 グレタ さん ツイッター 応酬 混雑 する 過ぎる 形容 する れる
-1.0,"グレタさん「帰りの列車は超満員」 ドイツ鉄道とツイッターで小競り合い https://t.co/lKkKY8QZQq

こういうのがあるから環境保護やら動物愛護やら差別やらを気狂いじみて叫ぶ奴らは信用ならんのですよ・・・",グレタ さん 帰り 列車 満員 ドイツ 鉄道 ツイッター 小競り合い の ある 環境 保護 動物 愛護 差別 気 狂う じみる 叫ぶ 奴 ら 信用 なる
1.0,"まず、16歳の彼女に皮肉を吐いた大人（笑）について。そういう大人に対してのメッセージだと気づけないのは痛い。劣化してる。

ドイツ鉄道、グレタさんにツイッターで応酬　「混雑し過ぎ」と形容され（https://t.co/KxniyzlXPS） https://t.co/cdu8c7y9jt",16 歳 彼女 皮肉だ 吐く 大人 （笑） つく 大人 対する メッセージ 気づく ない の 痛い 劣化 する る ドイツ 鉄道 グレタ さん ツイッター 応酬 混雑 する 過ぎる 形容 する れる （）
-1.0,"@mainichi 「大人なら、科学的事実で反論しろ」と思うのです。
このように、知的能力の低いリーダーがポピュリズムによって選出されることがまさに滅びの笛です。
グレタさんはこのように、無知な大人から批判されることを奇貨として、がんばって欲しいですね。
現代のジャンヌ・ダルクでしょ😊",大人 科学 的だ 反論 する 思う 知的だ 能力 低い リーダー ポピュリズム よる 選出 する れる こと 滅び 笛 グレタ さん 無知だ 大人 批判 する れる こと 奇貨 する がんばる 欲しい 現代 ジャンヌ ダルク
1.0,"グレタさんは応援してる。
だからかこそ、嘘はよくない。",グレタ さん 応援 する る 嘘 よい ない
-1.0,RT @aest_est: @lTfC8qI4PATLiaC グレタさんはもう少し学校でお勉強したほうがいい。教育は大事。周りの大人はちゃんとしてあげないと彼女は今後生きにくい大人になる,グレタ さん 学校 勉強 する ほう いい 教育 大事だ 周り 大人 する あげる ない 彼女 今後 生きる にくい 大人 なる
-1.0,グレタさんやること極端すぎて返って胡散臭いんだよなあ。,グレタ さん やる こと 極端だ すぎる 返る 胡散臭い
-1.0,グレタさんの周りに悪い大人がいる気がしてならないお。,グレタ さん 周り 悪い 大人 いる 気 する なる ない
1.0,グレタさんの挙足とって、1つ1つの発言や行動の妥当性を議論してるんじゃなくて、自分にできるアクションは何か、それはどうやったら実現できるのかに労力と時間をかけようよ。。,グレタ さん 挙足 1 つ 1 つ 発言 行動 妥当だ 性 議論 する る ない 自分 できる アクション 何 やる 実現 できる 労力 時間 かける
-1.0,"グレタさん大丈夫かな…。
共感できる発言があるのも確かなんだけど、どうも操り人形感が…。
良くも悪くも、周囲の環境に流されてしまう年頃だと思うので、彼女が彼女自身の意志をしっかり持って活動出来る事を願います。
#グレタさん",グレタ さん 大丈夫だ 共感 できる 発言 ある の 確かだ 操る 人形 感 良い 悪い 周囲 環境 流す れる しまう 年頃 思う 彼女 彼女 自身 意志 持つ 活動 出来る 事 願う ます グレタ さん
-1.0,グレタさん言ってること矛盾してるし胡散臭いなと思ってたけど、こんな嘘つくような人だったのね🙄 https://t.co/2Shz0Eo6ku,グレタ さん 言う る こと 矛盾 する る 胡散臭い 思う る 嘘 つく 人 ね
-1.0,グレタさん、まじで何がしたいのかわからん,グレタ さん まじる 何 する たい わかる
-1.0,グレタさんはこれからどんどんボロがでるから深手を負わないうちに一旦活動を休止した方がよい。,グレタ さん ボロ でる 深手 負う ない うち 活動 休止 する 方 よい
1.0,RT @rzBKTJwRukNeGz4: @harumi19762015 異常に拒否反応示す人、いますね。女性と子供を低く見て、自分は下駄履かせてもらってないと立ってもいられないような男性たちなのかな？もしくはそういう男性の後ろ盾を失いたくない女性？グレタさんに正論言われるだけ…,異 拒否 反応 示す 人 いる ます 女性 子供 低い 見る 自分 下駄 履く せる もらう ない 立つ いる られる ない 男性 たち 男性 後ろ盾 失う たい ない 女性 グレタ さん 正論 言う れる
-1.0,愚痴るだけで世界から注目されて挙げ句ファーストクラス乗ってたのに嘘つくとはいい身分だなぁ？グレタさんよぉ,愚痴る 世界 注目 する れる 乗る る 嘘 つく いい 身分 な？ グレタ さん
-1.0,グレタさんに続いて8歳の活動家もニュースになってたけどこんな事ニュースにするメディアは誰かおかしいって言わないのかな,グレタ さん 続く 8 歳 活動 家 ニュース なる る 事 ニュース する メディア 誰 おかしい 言う ない
-1.0,@IUwpBAfBixMvkEB @sharenewsjapan1 グレタさんの何を見習うって？反原発派や環境問題で騒いでいる人達ってさ…こんな方法で何々はどうか？という根本的な説明が無いんだよね…😒茂木氏は公害被害が酷い中国に行って現状を見るべきだよ👀,グレタ さん 何 見習う 反 原発 派 環境 問題 騒ぐ いる 人 達 方法 何 いう 根本 的だ 説明 無い 木 氏 公害 被害 酷い 中国 行く 現状 見る よ
1.0,グレタさん叩いたところで環境問題は解決しないんやで,グレタ さん 叩く ところ 環境 問題 解決 する ない
1.0,グレタさんに何かされたわけでもないのに彼女が憎くてたまらない人たち、彼女を無視できない時点ですでに負け。彼女はこういう人たちの存在の炙り出しに成功している,グレタ さん 何 する れる ない 彼女 憎い たまる ない 人 たち 彼女 無視 できる ない 時点 負け 彼女 人 たち 存在 炙り 出し 成功 する いる
-1.0,グレタさん色々バレてきてるよね。周りの大人の操り人形でかわいそうになってきた。用済みになったらポイかな。今度は自分が操る側になれればそれはそれでOKか、、,グレタ さん バレる くる る 周り 大人 操り 人形 かわいそうだ なる くる 用 済み なる 今度 自分 操る 側 なれる
1.0,@YahooNewsTopics 最近グレタさん評判悪いの？ 未熟なのは仕方ない。環境を守ろうと頑張ってる人は多少間違えても応援したい。,未熟だ の 仕方ない 環境 守る 頑張る る 人 間違える 応援 する たい
-1.0,"グレタさんの言い分は「何本か列車を乗り継いで、その中の混雑してた光景を載せた。だから問題はない」というもの。ふーん、同情引こうという考えは全く無かったと？

「グレタさん「帰りの列車は超満員」 ドイツ鉄道が応酬」  https://t.co/AhKt0OVyrd",グレタ さん 言い分 何 本 列車 乗る 継ぐ 中 混雑 する たい 光景 載せる 問題 ない いう もの 同情 引く いう 考え 無い グレタ さん 帰り 列車 満員 ドイツ 鉄道 応酬
-1.0,"RT @gcx18NOF3SidB6y: なんでワザワザこんなつまんない嘘つくの？正直に「ファーストクラスで帰った」もしくは普通に「電車で帰った」って言えばいいやん。

彼女の支持者はファーストクラス乗った位で非難する程度なの？

グレタさん「帰りの列車は超満員」 ドイツ鉄道と…",なん つまむ ない 嘘 つく の 正直だ ファースト クラス 帰る 普通だ 電車 帰る 言う いい やん 彼女 支持 者 ファースト クラス 乗る 位 非難 する 程度 グレタ さん 帰り 列車 満員 ドイツ 鉄道
-1.0,グレタさん嘘は、あかんよw https://t.co/7AlVcH0lGA,グレタ さん 嘘 あかん
-1.0,"グレタさんとかが日本は石炭を使うなって言ってるけど。
石炭火力発電がダメなんだったら原子力を使えって言うのか？
福島であったことと日本のこと勉強した方がいいよ！",グレタ さん 日本 石炭 使う なる 言う る 石炭 火力 発電 ダメだ 原子 力 使える 言う 福島 こと 日本 こと 勉強 する 方 いい
1.0,グレタさんのこと寄って集ってイジメなくてもよくないか？悪事を働いたわけでもあるまいし。という感想。,グレタ さん こと イジメ ない よい ない 悪事 働く ある いう 感想
1.0,グレタさん問題、大人vs少女の構図で間違ってないと思う。先の短い大人と何十年もある子供とで、環境問題に対する重みが違うのは当然。,グレタ さん 問題 大人 少女 構図 間違う ない 思う 先 短い 大人 何十 年 ある 子供 環境 問題 対する 重い み 違う の 当然だ
-1.0,"所詮はバックにいる大人のお人形ですよね？

ドイツ鉄道、グレタさんにツイッターで応酬　「混雑し過ぎ」と形容され（https://t.co/VjFzbl05Rp） https://t.co/5Eg4wUjd5D",バック いる 大人 人形 ドイツ 鉄道 グレタ さん ツイッター 応酬 混雑 する 過ぎる 形容 する れる （）
-1.0,"歩いて帰れ。
活動家の類に総じてまともな奴がいない。

ドイツ鉄道 グレタさんに皮肉 https://t.co/8rZ8sWlPog",歩く 帰る 活動 家 類 まともだ 奴 いる ない ドイツ 鉄道 グレタ さん 皮肉だ
-1.0,@Shin_kurose グレタさん、安定の支離滅裂だね。,グレタ さん 安定 支離滅裂だ
-1.0,RT @TakeiZeppelin: @Shin_kurose グレタさんに反発してるのではなくない彼女を利用使用とする貴方のような大人に反発しているのです,グレタ さん 反発 する る ない ない 彼女 利用 使用 する 貴方 大人 反発 する いる
1.0,グレタさんは胡散臭い所もあるけど、変に持ち上げるメディアは無視して、生暖かい目で見守ればいいんじゃないのかな,グレタ さん 胡散臭い 所 ある 変だ 持つ 上げる メディア 無視 する 生暖かい 目 見守る いい ない
-1.0,今までグレタさんどうでもよく思ってたけど鉄道ネタにしはじめて少しイラっときた。日本の満員電車なんて１人あたりの出すCO2なんて限りなく0に近づくでしょ。しかもJR東日本だと自前の水力発電。平日朝の東海道線に乗ってみてほしいわ,今 グレタ さんどう よい 思う る 鉄道 ネタ する くる 日本 満員 電車 １ 人 あたり 出す 2 限りない 0 近づく する 東 日本 自前 水力 発電 平日 朝 東海道 線 乗る みる ほしい
-1.0,"@Shin_kurose 茂木さんは学者で頭は良くても、物事の良し悪しを判別する力が弱いと思います。
　茂木さんが学者なら、環境問題に関しては科学的な見方から合理的にグレタの言ってる内容を分析してみた方が良いと思うます。",茂木 さん 学者 頭 良い 物事 良い 悪い 判別 する 力 弱い 思う ます 茂木 さん 学者 環境 問題 関する 科学 的だ 見方 合理 的だ グレタ 言う る 内容 分析 する みる 方 良い 思う ます
-1.0,RT @neckfolia_3: グレタさんは経済より環境をというが、環境問題も経済なのである。タダでは人は動かない。,グレタ さん 経済 環境 いう 環境 問題 経済 人 動く ない
-1.0,"グレタさん「帰りの列車は超満員」 ドイツ鉄道とツイッターで小競り合い

「庶民派で三等車両で苦労している少女」を演出するためにこのような構図の写真を自らセルフプロデュースするのは、もはや大人なのでは。反対意見に「子供を虐めるな」で封殺する必要あるかな。 https://t.co/K3824DXUmG",グレタ さん 帰り 列車 満員 ドイツ 鉄道 ツイッター 小競り合い 庶民 派 三 等 車両 苦労 する いる 少女 演出 する ため 構図 写真 セルフ プロデュース する の 大人 反対 意見 子供 虐める 封殺 する 必要だ ある
1.0,"グレタさん、英語の授業のとき、あのスピーチを聞いて以来、リスペクトしていたけれど、なんであんなに叩かれてる(?)か分からないわ
何方にも加担するわけじゃないけど…
あんなこと言ってたら環境問題に口を出せる人がこの世から居なくなる",グレタ さん 英語 授業 とき スピーチ 聞く 以来 リスペクト する いる 叩く れる る 分かる ない 何 方 加担 する ない こと 言う る 環境 問題 口 出せる 人 この世 居る ない なる
-1.0,"この子を見るたび、子供が政治に利用されてかわいそうとしか思わない。理屈が破綻してるのは仕方ない、知識が乏しいのだから。

グレタさん「帰りは超満員電車」 ドイツ鉄道が応酬  https://t.co/7ZaOvXbG9t",子 見る たび 子供 政治 利用 する れる かわいそうだ 思う ない 理屈 破綻 する る の 仕方ない 知識 乏しい グレタ さん 帰り 満員 電車 ドイツ 鉄道 応酬
-1.0,"RT @_hopechan_: フィフィさん「弱者を矢面に立たせて、それに反論することをタブー化する、こうゆう構図って、健全な議論が成り立つとは思えない」

批判してる人はグレタさんの活動自体を批判している訳では無く、後ろに見え隠れする大人の影に向かって批判しているのだと思うよ…",フィフィ さん 弱者 矢面 立つ せる 反論 する こと タブー 化 する こうゆう 構図 健全だ 議論 成り立つ 思える ない 批判 する る 人 グレタ さん 活動 自体 批判 する いる 訳 無い 後ろ 見え隠れ する 大人 影 向かう 批判 する いる 思う
-1.0,@shoetsusato ほとんどの反撃は、グレタさんの背後にあるものでは？,反撃 グレタ さん 背後 ある もの
1.0,グレタさんの意見や行動は、本人の意思であれ、背後の大人に操られているのであれ、「アンチテーゼ」として、受け入れてみる価値があると思う。,グレタ さん 意見 行動 本人 意思 背後 大人 操る れる いる する 受け入れる みる 価値 ある 思う
-1.0,グレタさんの件で思うのは子供を利用しないと政治活動できない大人達は最高にダサい,グレタ さん 件 思う の 子供 利用 する ない 政治 活動 できる ない 大人 達 最高だ ダサい
-1.0,グレタさんは大人に要求するんじゃなくて、自分の言葉と知識で環境問題解決に向かうアイデアを話してほしいんだよな,グレタ さん 大人 要求 する ない 自分 言葉 知識 環境 問題 解決 向かう アイデア 話す ほしい
1.0,グレタさんの優秀さは16才にしてはずば抜けている。どんな優秀な大人でも未熟な人は沢山いるので、グレタさんの未熟さはとるに足らない。日本のバカな政治家どもをみなさい。そんな政治家を支持する日本人を見なさい。未熟さてんこ盛りじゃないか。グレタさんをなじる暇有るなら日本の頭を見よ。 https://t.co/YfvA7U4yta,グレタ さん 優秀だ さ 16 才 する ずば抜ける いる 優秀だ 大人 未熟だ 人 いる グレタ さん 未熟だ さ とる 足る ない 日本 バカだ 政治 家 ども みなす いる 政治 家 支持 する 日本 人 見なす いる 未熟だ さ てんこ盛り ない グレタ さん なじる 暇だ 有る 日本 頭 見る
-1.0,RT @TakajunVW22: グレタさん自身は真っ当な教育を受けることができていない子供だとしか思えないので何も言う気はないんですけど、結局のところ理想論でしかなくて、言うだけなら誰にでも言えることを言っているだけなのに、なんでグレタさん凄い！話を聞かない奴らはダメ！みたい…,グレタ さん 自身 真っ当だ 教育 受ける こと できる いる ない 子供 思える ない 言う 気 ない ところ 理想 論 ない 言う 誰 言える こと 言う いる グレタ さん 凄い 話 聞く ない 奴 ら ダメだ
-1.0,"グレタさん「帰りの列車は超満員」  ドイツ鉄道とツイッターで小競り合い
https://t.co/4g83izYFic @afpbbcom

この手のアピール用の小ネタからも彼らのポジショニングがよく分かる。遊びたい盛りの健気な少女が地球が迎えている危機に心を痛め献身的に活動しているという。要は被害者ポジ+正義の味方",グレタ さん 帰り 列車 満員 ドイツ 鉄道 ツイッター 小競り合い こ 手 アピール 用 ネタ 彼 ら ポジショニング よい 分かる 遊ぶ たい 盛り 健気だ 少女 地球 迎える いる 危機 心 痛める 献身 的だ 活動 する いる いう 被害 者 ポジ 正義 味方
1.0,大人達、なぜにグレタさんの事を批判したがるのだ？？,大人 達 グレタ さん 事 批判 する たい がる
-1.0,"@ksl_live @allnaturelove35 グレタさんも先進国が如何に恵まれているかを勉強しなければ成らない
自分の主張と行動が噛み合わないって可笑しいよね。",グレタ さん 先進 国 恵む れる いる 勉強 する ない 成る ない 自分 主張 行動 噛み合う ない 可笑しい
1.0,"@marei_de_pon 僕は、グレタさんに激怒している人や、嫌悪感を表明する人達に「怒る前に古い映画でも見たほうがいい。」と思うな。
まず若い人達が政治に関心を持つのはいいことだし、若さ故の思い上がりや間違いはドイツ鉄道のように指摘すればいいかと。
一部のフェミニストやリベラル左派もアイドルに萌えるんだね",僕 グレタ さん 激怒 する いる 人 嫌悪 感 表明 する 人 達 怒る 前 古い 映画 見る ほう いい 思う 若い 人 達 政治 関心 持つ の いい こと 若い さ 故 思い上がり 間違い ドイツ 鉄道 指摘 する いい 一部 フェミニスト リベラルだ 左派 アイドル 萌える
1.0,RT @twicchaga: @MASS_VS_CORE トランプやブラジルのトップもグレタさんに噛み付いてましたね。それだけグレタさんの言ってることが正しいってことの表れですよね。セクシーの方じゃなくて、れいわの辻村ちひろ環境大臣もそのようなことを言われていましたね。,トランプ ブラジル トップ グレタ さん 噛み付く ます グレタ さん 言う る こと 正しい こと 表れ セクシーだ 方 ない れいわ 辻村 ちひろ 環境 大臣 こと 言う れる いる ます
1.0,環境問題を知らない世代や個人が多く、彼らが頻繁にグレタさんを非難しているってことね,環境 問題 知る ない 世代 個人 多い 彼 ら 頻繁だ グレタ さん 非難 する いる こと
1.0,タイム誌が「今年の人」にグレタさんを選んだのも、結局彼女の発しているメッセージの的確さ、ストレートさなどを蓄積的に評価してきたからだと思う。オバマさんが大統領選挙に彗星のごとく登場した時と同じだ。そこがグレタ現象の本質であって、背後に誰がいるとか、こんな陰謀論があるとか関係ない。,タイム 誌 今年 人 グレタ さん 選ぶ の 彼女 発す いる メッセージ 的確だ さ ストレートだ さ 蓄積 的だ 評価 する くる 思う オバマ さん 大統領 選挙 彗星 登場 する 時 同じだ グレタ 現象 本質 背後 誰 いる 陰謀 論 ある 関係 ない
1.0,@YahooNewsTopics グレタさんが正しい事を主張すると大人たちが必死になって的外れな事を言い返す。グレタさんはいい事をしているのに。いい世の中になって欲しいと思っているのに。地球の未来を本気で心配しているのに攻撃されるのはおかしい。,グレタ さん 正しい 事 主張 する 大人 たち 必死だ なる 的外れだ 事 言う 返す グレタ さん いい 事 する いる いい 世の中 なる 欲しい 思う いる 地球 未来 本気だ 心配 する いる の 攻撃 する れる の おかしい
-1.0,グレタさん、演説するのは素晴らしいことだと思う。しかし演説はあの1回だけでまさか学校を休んでまで活動を続けるとは思わなかった。他人を見下すような姿勢や嘘をつくのは止めた方が良い。最初の演説の内容には同意するがそれ以降の活動には同意できない。,グレタ さん 演説 する の 素晴らしい こと 思う 演説 1 回 学校 休む 活動 続ける 思う ない 他人 見下す 姿勢 嘘 つく の 止める 方 良い 最初だ 演説 内容 同意 する 以降 活動 同意 できる ない
1.0,"環境被害が出てない国の人が議論できるものじゃないよ、物差しが違うもん。
グレタさんにはグレタさんの物差しがあって、ほかの国の人には分からなかったりする。
海面の上昇で消えかけてるツバルの人の危機感や気持ちは想像するしかないし、理解はできない。
理解する努力しか出来ないから。",環境 被害 出る ない 国 人 議論 できる もの ない 物差し 違う もん グレタ さん グレタ さん 物差し ある ほか 国 人 分かる ない する 海面 上昇 消える かける る ツバル 人 危機 感 気持ち 想像 する ない 理解 できる ない 理解 する 努力 出来る ない
-1.0,グレタさん、顔からしてなんかトランプと同じ匂いする(権力握りたい欲が強そう)ので、元から信用してなかった。,グレタ さん 顔 する トランプ 同じだ 匂い する 権力 握る たい 欲 強そうだ 元 信用 する ない
1.0,グレタさん勉強になる,グレタ さん 勉強 なる
1.0,グレタさんの活動は素晴らしいと思うけど、彼女にまとわりついている「胡散臭さ」みたいなものがどうしても拭いきれないのがな,グレタ さん 活動 素晴らしい 思う 彼女 まとわる つく いる 胡散臭い さ もの 拭う きれる ない の
-1.0,"グレタさんの言う環境問題に配慮ってのはどこまでどうすれば良いのかがよくわからん

電車だって元を辿れば発電するのにかなりのCO2排出してるだろうし",グレタ さん 言う 環境 問題 配慮 の する 良い よい わかる 電車 元 辿る 発電 する の 2 排出 する る
1.0,RT @shapoco: グレタさん逆に応援したくなってきた,グレタ さん 逆だ 応援 する たい なる くる
1.0,"グレタさんを叩く奴らって、ぜったい子育てとかできない。お前らの正しさとか、知らんがな。

グレタさんが100パーぜったい正しいの！あんたらより若い限り。あんたらよりピュアな限り。",グレタ さん 叩く 奴 ら 子育て できる ない お前 ら 正しい さ 知る グレタ さん 100 パー 正しい の あんたら 若い 限り あんたら ピュアだ 限り
1.0,"2)私は彼女の声明に拍手を送ります

「まるで明日がないかのように生き続ける事など出来ません。と言うのも、明日は厳然としてあるからです」

グレタさんにも私にも見るに十分な長さの未来があり、従って我々にはそれを望ましいものに形作る責任があります… https://t.co/3IrQkXrVHI",2 私 彼女 声明 拍手 送る ます 明日 ない 生きる 続ける 事 出来る ます 言う の 明日 厳然たる する ある グレタ さん 私 見る 十分だ 長い さ 未来 ある 我々 望ましい もの 形作る 責任 ある ます
-1.0,"本気でグレタさん自身が環境に配慮した生活してると思ってるなら現実見てない証拠だし、彼女のバックにいるスポンサーはゴリゴリの原発推進派ですよ、あと中国

なにより16歳にもなって喚き散らすだけってのがなにより痛いのよ

自分をよく見せるために嘘はしっかりつくのも駄目でしょ",本気だ グレタ さん 自身 環境 配慮 する 生活 する る 思う る 現実 見る ない 証拠 彼女 バック いる スポンサー 原発 推進 派 あと 中国 16 歳 なる 喚く 散らす の 痛い 自分 よい 見せる ため 嘘 つく の 駄目だ
-1.0,"活動家は平気で嘘つくからね
グレタさんもその投稿でドイツ鉄道とその労働者が世界からどれだけ批判されても「大義」があればいいと思ってるのかな？",活動 家 平気だ 嘘 つく グレタ さん 投稿 ドイツ 鉄道 労働 者 世界 批判 する れる 大義 ある いい 思う る
-1.0,"RT @Sankei_news: 口で賛同するのはたやすいが、現代社会で飛行機を使わずに暮らすのは不可能なはずだ。グレタさんを称賛した新聞には、そうした事実まで踏み込んで報道する責任がある。（元東大教授・酒井信彦）
https://t.co/4fcvqLXxJ0",口 賛同 する の たやすい 現代 社会 飛行機 使う 暮らす の 不可能だ グレタ さん 称賛 する 新聞 踏み込む 報道 する 責任 ある 東大 教授 酒井 信彦
-1.0,グレタさん、具体的な解決案を出すでもなく「私以外は全て悪！」って言うスタンスでは誰にも賛同は得られないよ…。(´･ω･`),グレタ さん 具体 的だ 解決 案 出す ない 私 以外 悪 言う スタンス 誰 賛同 得る られる ない
1.0,"あれだけの反発の反論を見てると、言葉の力を信じることもできるなと思う。みな、反発してる人もグレタさんの言葉が刺さったから何か言わなくてはと思って反論してるわけですから。

だからとても希望を感じた。私も言葉の力を磨きたいなと思います。",反発 反論 見る る 言葉 力 信じる こと できる 思う 反発 する る 人 グレタ さん 言葉 刺さる 何 言う ない 思う 反論 する る 希望 感じる 私 言葉 力 磨く たい 思う ます
1.0,グレタさんが投稿した写真みたいに床に座ってるのが殊更におかしいとは思わない。乗車時に席が見つからず一旦写真のような状況になっている若者は普通に見かける。ただ彼女一人で乗っているわけではないだろうから、同行者が他の車両に空席を探しに行っているのだろうなと考えるのが現地民の感覚かな。,グレタ さん 投稿 する 写真 床 座る る の おかしい 思う ない 乗車 時 席 見つかる 写真 状況 なる いる 若者 普通だ 見かける 彼女 一 人 乗る いる ない 同行 者 車両 空席 探す 行く いる 考える の 現地 民 感覚
-1.0,"電車も走らせる為の電気を発電する時や車両製造で二酸化炭素排出してるんだから、ここは歩いて帰らないと、だからこんな問題おこすんだよね。

グレタさん「帰りの列車は超満員」 ドイツ鉄道とツイッターで小競り合い https://t.co/4Kyu2WJVdA",電車 走る せる 為 電気 発電 する 時 車両 製造 二 酸化 炭素 排出 する る 歩く 帰る ない 問題 おこす グレタ さん 帰り 列車 満員 ドイツ 鉄道 ツイッター 小競り合い
1.0,みんなグレタさんに徹底を求めすぎでは？　我々も環境保護を徹底する必要なんてないんでグレタさんの活動を機に少しでも環境問題を意識しようねって話じゃないんですかね,グレタ さん 徹底 求める すぎる 我々 環境 保護 徹底 する 必要だ ない グレタ さん 活動 機 環境 問題 意識 する 話 ない
-1.0,@t_taro55 グレタさんは何かうさんくさいな、、、ごちゃごちゃ文句言わないで、CO2減らす研究もしながら排出減らせて言った方が良いと思う、ただ子供が文句言ってるようにしか見えない,グレタ さん 何 うさんくさい 文句 言う 2 減らす 研究 する 排出 減らせる 言う 方 良い 思う 子供 文句 言う る 見える ない
-1.0,"言ってる事とやってることが矛盾だらけのお嬢様ですねえ。まぁ2〜3年後には間違えなく消えてるでしょう🤣

ドイツ鉄道、グレタさんにツイッターで応酬　「混雑し過ぎ」と形容され（https://t.co/fTxkU6o1Jg） https://t.co/FsjJCWvgdu",言う る 事 やる る こと 矛盾 だらけ 嬢 様 2 3 年 後 間違う ない 消える る しょう ドイツ 鉄道 グレタ さん ツイッター 応酬 混雑 する 過ぎる 形容 する れる （）
-1.0,グレタさんを利用してる周りの大人が悪いよなー。まだ子供なんだからしっかり守ってあげてよ、、 https://t.co/wY880iNpO7,グレタ さん 利用 する る 周り 大人 悪い 子供 守る あげる
1.0,私は二酸化炭素の抑制で地球の温暖化が抑えられるとは思っていない人です。でもグレタさんが危機感を覚え、声を挙げることに賛同はします。彼女の言葉が何かを前に進めようとしてるのは間違いないでしょう。一般市民がポジショントークする意味なくないですか？,私 二 酸化 炭素 抑制 地球 温暖だ 化 抑える られる 思う いる ない 人 グレタ さん 危機 感 覚える 声 挙げる こと 賛同 する ます 彼女 言葉 何 前 進める する る の 間違い ない 一般 市民 ポジション トーク する 意味 ない ない
1.0,"グレタさん、バッシングしてる人達が言うようには""感情的""には見えないよね。むしろどーんと重心低くて淡々としている印象。",グレタ さん バッシング する る 人 達 言う 感情 的だ 見える ない どん 重心 低い 淡々たる する いる 印象
1.0,グレタさん勉強になる〜,グレタ さん 勉強 なる
-1.0,"言っていることは正しいことなんだろうけど、ヒステリックな話し方でグレタさん苦手だな…

そんなにワーワー言うのなら、電気も使わず人力車や馬車と手漕ぎボートで移動すればいい。

とはいえ、日本は何か対策をしないと隣の大陸と変わらんことになるな…",言う いる こと 正しい こと ヒステリック 話し 方 グレタ さん 苦手だ 言う 電気 使う 人力車 馬車 手漕ぎ ボート 移動 する いい 日本 何 対策 する ない 隣 大陸 変わる こと なる
-1.0,"もう存在自体がプロパガンダと化してきたなあ…… https://t.co/3qnQnllRxf

「環境問題に取り組むグレタさん「超満員電車で帰るところです」と床に座ってる写真..」https://t.co/dVA881RQwE にコメントしました。",存在 自体 プロパガンダ 化す くる 環境 問題 取り組む グレタ さん 満員 電車 帰る ところ 床 座る る 写真 コメント する ます
-1.0,グレタさんて飛行機は環境に悪いとか言って乗らないけど鉄道は乗るん？どういう理屈なん？距離と排出される二酸化炭素量との関係を調べて自分の許せる範囲やったらええの？そんなん言い出したらこいつ化石燃料で生み出された電気は使わんと生きてるん？謎,グレタ さん て 飛行機 環境 悪い 言う 乗る ない 鉄道 乗る 理屈 なん 距離 排出 する れる 二 酸化 炭素 量 関係 調べる 自分 許せる 範囲 やる いい ん 言う 出す こいつ 化石 燃料 生む 出す れる 電気 使う 生きる るん 謎
1.0,グレタさんのアティテュードを知って所有するクルマの使用頻度は必要最小限に控えるとかしてる。頭ごなしに彼女をツブしにかかる人は何かしてるの？,グレタ さん アティテュード 知る 所有 する クルマ 使用 頻度 必要だ 最小だ 限 控える とかす る 頭ごなし 彼女 ツブ する かかる 人 何 する る
-1.0,グレタさんに関しては、被害者だと思っている。周りの取り巻きが本当に悪い奴らで、地獄に落ちるべき鬼畜。10代で過度に注目を浴び続ける経験は良くない、心配だという医師のコメントを見たことがあるが、これがまともな反応だろう。,グレタ さん 関する 被害 者 思う いる 周り 取り巻き 本当だ 悪い 奴 ら 地獄 落ちる 鬼畜 10 代 過度だ 注目 浴びる 続ける 経験 良い ない 心配だ いう 医師 コメント 見る こと ある まともだ 反応
1.0,茂木健一郎氏 「グレタさんの活動をやたらと敵視して反応する男性は傍から見ていてみっともないなあと思う。」 https://t.co/Y9Q0YCRPJ9,茂木 健一郎 氏 グレタ さん 活動 やたらだ 敵視 する 反応 する 男性 傍 見る いる みっともない 思う
-1.0,グレタさんの鉄道の件しかり、そもそも保護者やその周りの大人に責任あるように思えるんだが？,グレタ さん 鉄道 件 保護 者 周り 大人 責任 ある 思える
-1.0,"ちょい前からグレタさんの話題見かけるけど、正直俺はグレタさんのこと苦手だね。
主張はまともなのに具体案は無く、ただのヒス女にしか見えない。
そんで自分に都合の悪いことは問題にならないと処理するしぶっちゃけタチの悪いお子様って印象。
裏で操り人形にされてそうだしご愁傷さまとしか。",前 グレタ さん 話題 見かける 正直だ 俺 グレタ さん こと 苦手だ 主張 まともだ 具体 案 無い ヒス 女 見える ない そんだ 自分 悪い こと 問題 なる ない 処理 する ぶっちゃける タチ 悪い 子 様 印象 裏 操り 人形 する れる そうだ 愁 傷 さま
1.0,ドイツ鉄道的にはいい宣伝になるんじゃないのと思ったけど、それも認められない程ツイッターの中の人が環境保護的な話が嫌いなのか、あるいはグレタさんが気に食わないんだろうね。 &gt;rt,ドイツ 鉄道 的だ いい 宣伝 なる ない 思う 認める られる ない 程 ツイッター 中 人 環境 保護 的だ 話 嫌いだ グレタ さん 気 食う ない
-1.0,グレタさん、嘘はよくない,グレタ さん 嘘 よい ない
-1.0,"とりあえず彼女を利用しようとしている大人達から自由になってほしいし、静かな日常で色々学んでほしいな、とどうしても親目線で思っちゃう。彼女が本気で救世主だと思って持ち上げてる大人はもう色々手遅れだと思うが。

グレタさんドイツ鉄道とツイッターで小競り合い https://t.co/c0Ho3o81eW",彼女 利用 する する いる 大人 達 自由だ なる ほしい 静かだ 日常 学ぶ ほしい 親 目線 思う う 彼女 本気だ 救世 主 思う 持つ 上げる る 大人 手遅れだ 思う グレタ さん ドイツ 鉄道 ツイッター 小競り合い
-1.0,温室効果ガス排出を本気で止めたいならメタンガス排出の主要因である牛の飼育をやめるべきと聴いたことがあって、グレタさんは菜食主義なのかな（少なくとも牛は食べないのかな）と思っている,温室 効果 ガス 排出 本気だ 止める たい 排出 要因 牛 飼育 やめる 聴く こと ある グレタ さん 菜食 主義 牛 食べる ない 思う いる
1.0,"そしてグレタさん、とても人生楽しそう。見習いたい。

夢も希望もないわー、とか言ってる場合じゃないわ。",グレタ さん 人生 楽しい そうだ 見習う たい 夢 希望 ない 言う る 場合 ない
-1.0,グレタさんは悪い大人に利用されてるのか自分もグルで環境ビジネスやってんのか知らないけど少なくとも良い印象がない,グレタ さん 悪い 大人 利用 する れる る 自分 グル 環境 ビジネス やる 知る ない 良い 印象 ない
-1.0,RT @ebi_kosuke: 温暖化(気候変動)に問題意識持っていない大人なんていないでしょ。プライオリティーや方法論についてグレタさんに言いたいことがあるという人はたくさんいても。,温暖だ 化 気候 変動 問題 意識 持つ いる ない 大人 いる ない プライオリティ 方法 論 つく グレタ さん 言う たい こと ある いう 人 いる
1.0,グレタさんに言い方がむかつくレベルで反発してる人たちは普段から言い方に気をつけて生きてるんだろうし。そりゃ我慢して生きてる人からみりゃ自由に振る舞う人にはむかつくだろう。それわかる。私はグレタさん、超好みだし。良いじゃん、あれだけ言いたいこと言って世界中の大人から叩かれるって。,グレタ さん 言う 方 むかつく レベル 反発 する る 人 たち 普段 言い 方 気 つける 生きる る 我慢 する 生きる る 人 みる 自由だ 振る舞う 人 むかつく わかる 私 グレタ さん 好み だし 良い 言う たい こと 言う 世界 中 大人 叩く れる
1.0,"https://t.co/D1yaPuBXLp

グレタさんアピールが上手い。活動家の才能ありますよ
これについて鉄道会社が個人情報晒していいのかとか騒いで勝手に勝利宣言してたり意味がわからないのは流石活動家とその支援者って感じでほのぼのしました。",グレタ さん アピール 上手い 活動 家 才能 ある ます つく 鉄道 会社 個人 情報 晒す いい 騒ぐ 勝手だ 勝利 宣言 する る 意味 わかる ない の 活動 家 支援 者 感じ する ます
-1.0,グレタさんの主張は少女だから正論なのか？？主張の是非に年齢性別は関係ない。ただ少女の主張する案件には問題が大きくて世界の多くの人を納得させないといけないわけで、なかなか感情だけでどうこうできる話ではないよ。,グレタ さん 主張 少女 正論 主張 年齢 性別 関係 ない 少女 主張 する 案件 問題 大きい 世界 多く 人 納得 する せる ない いけない 感情 どうこう できる 話 ない
1.0,"@emaema220 いえ、読んでいませんでした。ご提示頂き感謝いたします。

私もグレタさんの凄さは分かっているつもりです。各企業に行動を起こさせる事に成功されてますので、やはり凄いですね。

emaemaさんに私から質問させて頂けますでしょうか？",読む いる ます 提示 頂く 感謝 いたす ます 私 グレタ さん 凄い さ 分かる いる 企業 行動 起こす せる 事 成功 する れる ます 凄い さん 私 質問 する せる 頂ける ます
-1.0,"何か……子どもだなぁって……。悪い意味で……。っていうかグレタちゃんは親の盾にされてるみたいで、個人的には虐待だと思ってるんだよね私……。

 グレタさん「帰りの列車は超満員」 ドイツ鉄道が応酬  https://t.co/R9z79WNHXS",何 子ども 悪い 意味 いう グレタ ちゃん 親 盾 する れる る 個人 的だ 虐待 思う る 私 グレタ さん 帰り 列車 満員 ドイツ 鉄道 応酬
-1.0,RT @shunseiK: グレタさん、科学者の声を聞けっていう運動の主旨自体は悪いと思ってないのでなぁ……,グレタ さん 科学 者 声 聞ける いう 運動 主旨 自体 悪い 思う ない
-1.0,"世界はこの女の子に惑わされている気がする。

この女の子は間違ったことは言ってないと思うかもしれないが、まだまだ知らないことも多いのではないのだろうか。

世界はこの子に発言力を与えすぎたのかもしれない。

ドイツ鉄道 グレタさんに皮肉 https://t.co/YWTygBEbul",世界 女の子 惑う す れる いる 気 する 女の子 間違う こと 言う ない 思う しれる ない 知る ない こと 多い ない 世界 子 発言 力 与える すぎる しれる ない ドイツ 鉄道 グレタ さん 皮肉だ
-1.0,グレタさんの主張の是非はここでは論じないけど、子供を前面に押し出した社会運動はその裏で暗躍するその訴えとは別の目的がある薄汚い大人が見え隠れすするから俺は賛同できない。,グレタ さん 主張 論じる ない 子供 前面 押し出す 社会 運動 裏 暗躍 する 訴え 別だ 目的 ある 薄汚い 大人 見え隠れ する する 俺 賛同 できる ない
-1.0,"@shmp901 @MatsumotoThe @miraikogoods 「多くの研究者もグレタさんの主張や発言を支持している」なんて、環境カルトがよく言う「東電の技術者が原発に反対した」とか「原子力の技術者が原発に反対した」というのと同じ。

それらの技術者が技術的・科学的に妥当な主張をしているという根拠には全くならない。",多く 研究 者 グレタ さん 主張 発言 支持 する いる 環境 カルト よい 言う 東電 技術 者 原発 反対 する 原子 力 技術 者 原発 反対 する いう の 同じだ ら 技術 者 技術 的だ 科学 的だ 妥当だ 主張 する いる いう 根拠 なる ない
-1.0,"彼女に対する共感が広がらないところがあるのはこういう貴族的環境活動家としての振る舞いなんだろう。まあ、彼女のスポンサーやプロデューサーは庶民を対象にしているとは思えないのでそれでいいのかも。

ドイツ鉄道 グレタさんに皮肉 2019年12月16日 https://t.co/Pc1ftT5deE",彼女 対する 共感 広がる ない ところ ある の 貴族 的だ 環境 活動 家 する 振る舞う 彼女 スポンサー プロデューサー 庶民 対象 する いる 思える ない いい ドイツ 鉄道 グレタ さん 皮肉だ 2019 年 12 月 16 日
-1.0,その言動には賛否があるけども、グレタさんについてはどうにも「子どもが悪い大人に利用されている感」が強すぎて真正面から批判する気にはなれない。,言動 賛否 ある グレタ さん つく 子ども 悪い 大人 利用 する れる いる 感 強い すぎる 正面 批判 する 気 なれる ない
1.0,環境活動家グレタさんの言ってることは正しいと思うし、今や誰もが知る人になってて素直にすごいとは思うけど行動が色々とパフォーマンス臭くて、そこはあんまり好きじゃない。,環境 活動 家 グレタ さん 言う る こと 正しい 思う 誰 知る 人 なる る 素直だ すごい 思う 行動 色々だ パフォーマンス 臭い 好きだ ない
-1.0,"RT @WATADAI0517: あと、別に環境問題に興味はあります。大学では環境系の専攻でした。
しかし環境問題を語るには、歴史や地理、政治的背景、幅広い学問が必要になります。故に「これを止めれば全て解決！！」は絶対にありません。
学校に行って勉強しましょう。グレタさん。この…",あと 別だ 環境 問題 興味 ある ます 大学 環境 系 専攻 環境 問題 語る 歴史 地理 政治 的だ 背景 幅広い 学問 必要だ なる ます 止める 解決 ある ます 学校 行く 勉強 する ます グレタ さん
-1.0,RT @desean97: 意見を述べようと思わないといいつついうと、グレタさん、批判する人は「彼女の言動」よりも「その（見えない）背後」について批判しているのだよな。「どうせバックに大人がついてる」みたいに。その是非はひとまず措くとして、今風だなあと思う。「こういう人はどうせ…,意見 述べる 思う ない いう いう グレタ さん 批判 する 人 彼女 言動 見える ない 背後 つく 批判 する いる バック 大人 つく る 措く する 今風だ 思う 人
-1.0,"嘘に嘘を塗り固める。どこかの国と似てるな。
裏で組織の大人がそうさせてるのは間違いないが、グレタさん、もう純粋な少女に戻ったほうがいいよ。
お金が絡んでるとは思うので親がそれを絶たないと。 https://t.co/wVs0GD5akk",嘘 嘘 塗り固める 国 似る る 裏 組織 大人 する せる る の 間違い ない グレタ さん 純粋だ 少女 戻る ほう いい 金 絡む る 思う 親 絶つ ない
-1.0,@amneris84 確かに16の頃の私は愚かだった。しかし於呂かな私を諌め指導してくれる親と大人がいた。そういう意味でグレタさんは粗が多すぎる,確かだ 16 頃 私 愚かだ 於呂 私 諌める 指導 する くれる 親 大人 いる 意味 グレタ さん 粗だ 多い すぎる
-1.0,ま、グレタさんのは演出だからなぁ　   &gt;RT,グレタ さん の 演出
-1.0,グレタさんの言ってることは経済の発展なしには成り立たない。環境に優しい製品の開発や研究、原子力などなど、金が掛かる。それなのに「経済発展はおとぎ話」と否定している。賛同してる人達は経済発展の重要性をわかっていない。おまえらはふだん不景気や格差社会を嘆いているくせにな。,グレタ さん 言う る こと 経済 発展 なし 成り立つ ない 環境 優しい 製品 開発 研究 原子 力 金 掛かる 経済 発展 おとぎ話 否定 する いる 賛同 する る 人 達 経済 発展 重要だ 性 わかる いる ない おまえ ら ふだん 不景気だ 格差 社会 嘆く いる くせ
1.0,最近は大人びたティーンエイジャーを目にすることが多いけれども、グレタさんは自分が見たまま思ったままのことをそのまま言葉にする、素直な人なんじゃないかな…と、ドイツ鉄道のツイートの記事を見てそう思った。「一等車を用意したドイツ鉄道への感謝を示せ」なんて言う方が恥ずかしくない？,最近 大人びる ティーンエイジャー 目 する こと 多い グレタ さん 自分 見る 思う まま こと 言葉 する 素直だ 人 ない ドイツ 鉄道 ツイート 記事 見る 思う 一 等 車 用意 する ドイツ 鉄道 感謝 示す 言う 方 恥ずかしい ない
1.0,"グレタさんの活動は２つの点から少し応援しています

１．彼女の行動力・度胸
２．若者の関心を政治的事象へ向かわせている点

※グレタさんが中国を批判しまくり、中国に改善行動を強く迫り続ければ、ちゃんと応援します。 https://t.co/HLVgXvtHBH",グレタ さん 活動 ２ つ 点 応援 する いる ます １． 彼女 行動 力 度胸 ２． 若者 関心 政治 的だ 事象 向かう せる いる 点 グレタ さん 中国 批判 する まくる 中国 改善 行動 強い 迫る 続ける 応援 する ます
-1.0,"RT @street3tunnel: グレタさんの抗議って全部聴いたわけじゃないけど中身ないんだよね
具体的な削減方法とか化石燃料に代わる発電方法とか、代替案なしに感情だけで言ってる印象
今、火力発電所で働いてる人は発電やめたら失業するし、原発も火力発電もなくなったら電気なしで…",グレタ さん 抗議 聴く ない 中身 ない 具体 的だ 削減 方法 化石 燃料 代わる 発電 方法 代替 案 なし 感情 言う る 印象 今 火力 発電 所 働く る 人 発電 やめる 失業 する 原発 火力 発電 なくなる 電気 なし
1.0,"@zamamiyagarei グレタさんのメッセージは、たまたま２度聞かせてもらいました。涙流しながらストレートに訴えてましたね。プライドが高い人には「言い得て妙」などと云う勇気は皆無と感じました。
地球と云う🌏生命体の異常を知りつつ知らないふりをしてることを彼女は周知していて貴方達は何をしてるのですか⁉️と",グレタ さん メッセージ ２ 度 聞く せる もらう ます 涙 流す ストレートだ 訴える ます プライド 高い 人 言う 得る 妙だ 云う 勇気 皆無だ 感じる ます 地球 云う 生命 体 異常だ 知る 知る ない ふりだ する る こと 彼女 周知 する いる 貴方 達 何 する る
1.0,"グレタさんて、基本的には「科学者の提言に従え」というスタンスらしく、あまり反感はないんだがね…。
全員が、直ちに実行出来るとは当然ながら思わないけど、なんらかのムーブメントがないと、耳の痛い正論は通らないと思うし、改善には繋がらない。
反対してる人は、気候変動の陰謀論信者なの？",グレタ さん て 基本 的だ 科学 者 提言 従う いう スタンス 反感 ない 全員 実行 出来る 当然だ 思う ない ムーブメント ない 耳 痛い 正論 通る ない 思う 改善 繋がる ない 反対 する る 人 気候 変動 陰謀 論 信者
-1.0,なんだろねグレタさん　世界の大人の玩具にされてる気がしてる。,グレタ さん 世界 大人 玩具 する れる る 気 する る
1.0,"いい話。

グレタさん「帰りの列車は超満員」  ドイツ鉄道とツイッターで小競り合い https://t.co/ntduUkqtZH @afpbbcomより",いい 話 グレタ さん 帰り 列車 満員 ドイツ 鉄道 ツイッター 小競り合い
1.0,"グレタさん叩かれっぱなしやな
今はともかく、はじめの志は素晴らしいし、
行動に移せることは私たちより立派なんだけどな",グレタ さん 叩く れる っぱなす やだ 今 はじめ 志 素晴らしい 行動 移せる こと 私 たち 立派だ
-1.0,グレタさんのファーストクラスは許せないくせに、自国の政府の無駄遣いは許せるんだね。ばっかじゃねぇの？,グレタ さん ファースト クラス 許せる ない くせ 自国 政府 無駄遣い 許せる ない
1.0,"グレタさんをばかにするには違うんだよな。
彼女は行動をしている。",グレタ さん ばかだ する 違う 彼女 行動 する いる
1.0,私はグレタさんを尊敬しています。 https://t.co/hf2Sy2WFwY,私 グレタ さん 尊敬 する いる ます
-1.0,@lTfC8qI4PATLiaC グレタさんはもう少し学校でお勉強したほうがいい。教育は大事。周りの大人はちゃんとしてあげないと彼女は今後生きにくい大人になる,グレタ さん 学校 勉強 する ほう いい 教育 大事だ 周り 大人 する あげる ない 彼女 今後 生きる にくい 大人 なる
-1.0,グレタさんが中国の長時間硬座席や夏のインド鉄道を経験しても、飛行機はあかんと言うのなら信念がある人だと思うが、乗ること無いだろう😫。 https://t.co/B7y5RsQybp,グレタ さん 中国 時間 硬座 席 夏 インド 鉄道 経験 する 飛行機 あかん 言う 信念 ある 人 思う 乗る こと 無い
1.0,"グレタさん、けっこう攻撃されているけど私は味方したいかな。
というか、世界中の全員がグレタさんのように環境問題に関心持つようになってくれたらどんなにいいか。",グレタ さん 攻撃 する れる いる 私 味方 する たい いう 世界 中 全員 グレタ さん 環境 問題 関心 持つ なる くれる いい
1.0,グレタさんが叩かれるのは、心が痛い。行動が実ると良いね。君は頑張ってるよ。,グレタ さん 叩く れる の 心 痛い 行動 実る 良い 君 頑張る る
-1.0,グレタさん、グレてもいいけど嘘はいかんぜよ,グレタ さん グレる いい 嘘 いかん
-1.0,"・未成年を「人間の盾」に使うのは、政治的な児童虐待（Political Child Abuse）に見える。
・グレタさんなりシールズなり、次々に若い人を乗り潰して回る中高年には感心しない。
・昔の「青年の主張大会」て、アレらから若い人を護る知恵だったのかもしれん。
/ https://t.co/R1R89lqytx",成年 人間 盾 使う の 政治 的だ 児童 虐待 見える グレタ さん シールズ なる 若い 人 乗る 潰す 回る 中高年 感心 する ない 昔 青年 主張 大会 て アレだ ら 若い 人 護る 知恵 しれる
-1.0,"小娘が調子に乗り過ぎってか、世間知らずの子供を都合よく利用するクソみたいな大人が心底腹立たしい。

ドイツ鉄道、グレタさんにツイッターで応酬　「混雑し過ぎ」と形容され（https://t.co/rRH5YQ6XOD） - Y!ニュース https://t.co/hKdv2dDE0F",娘 調子 乗る 過ぎる う 世間知らずだ 子供 よい 利用 する クソ 大人 腹立たしい ドイツ 鉄道 グレタ さん ツイッター 応酬 混雑 する 過ぎる 形容 する れる （） ニュース
-1.0,RT @hetsuman: 皆さんを落胆させるかも知れないが、私はグレタさんのスピーチへの賞賛に共感できない。環境問題を含めた今日の深刻な問題に注意を傾けるのは正しいが、子どもや10代の若者を自身の利益のために利用するのは非難に値する。現代の世界が複雑で多様であることを誰もグレ…,皆さん 落胆 する せる 知れる ない 私 グレタ さん スピーチ 賞賛 共感 できる ない 環境 問題 含める 今日 深刻だ 問題 注意 傾ける の 正しい 子ども 10 代 若者 自身 利益 ため 利用 する の 非難 値する 現代 世界 複雑だ 多様だ こと 誰 グレる
-1.0,グレタさん、あなたこれ以上何言ってもネタにされるだけだから大人しく自国で勉強した方がいい。,グレタ さん あなた 以上 何 言う ネタ する れる 大人しい 自国 勉強 する 方 いい
-1.0,"結局そういうことだよねー😭
グレタさんの言いたいことはまあ分かるけどそれによって影響受ける人達のこと何も考えとらんやん。学がないってこういうことだぞ",こと ね グレタ さん 言う たい こと 分かる よる 影響 受ける 人 達 こと 考える とる 学 ない こと
-1.0,@cnn_co_jp グレタさんも若いし人間だから間違いもあるって話だと思うただ自分の発言の影響力はもっと考えた方がいい…,グレタ さん 若い 人間 間違い ある 話 思う 自分 発言 影響 力 考える 方 いい
1.0,@afpbbcom グレタさんを応援します！,グレタ さん 応援 する ます
-1.0,"グレタさんの全てに賛成するのは無理だなぁ。10分の1くらい賛成かな。
言葉だけじゃ変われないものがあるし、資源ない国はそうするしかないんだよな。まず勉強してください。
１番嫌なのは、持て囃してる人たち。",グレタ さん 賛成 する の 無理だ 10分の1 賛成 言葉 変われる ない もの ある 資源 ない 国 する ない 勉強 する くださる １ 番 嫌だ の 持て囃す る 人 たち
-1.0,むしろグレタさんの背後にいる薄汚れた大人達にイラつきますねえ。彼女自身は単にナイーブなだけのような気がする、今のところは。 https://t.co/fAqVKAI9at,グレタ さん 背後 いる 薄汚れる 大人 達 イラつく ます 彼女 自身 ナイーブ 気 する 今 ところ
-1.0,"@beniiromegane グレタさんの私生活なんて全く知らないけど、（ある意味）世界中を敵に回して声高らかに叫んでいるのならば、当然自らが率先して質素倹約な生活を送るべきだと思うの

それを行わず、口先だけで綺麗事を並べていても、人々の意識は変わらないし、数多のアンチの玩具になるだけだわ",グレタ さん 私生活 知る ない 意味 世界 中 敵 回す 声 高らかだ 叫ぶ いる 率先 する 質素だ 倹約 生活 送る 思う 行う 口先 綺麗事 並べる いる 人々 意識 変わる ない 数多 アンチ 玩具 なる
-1.0,"グレタさん大人に良いように使われてないかい？
大人よグレタさんだけに批判が来るように操ってないかい？

グレタさんの考えにすべて賛成する訳では無いし反対する訳でも無いけどさ
大人が子供を使って意見を言わせてたり写真撮ってアピールしてる感があるよなー",グレタ さん 大人 良い 使う れる ない 大人 グレタ さん 批判 来る 操る ない グレタ さん 考え 賛成 する 訳 無い 反対 する 訳 無い 大人 子供 使う 意見 言う せる る 写真 撮る アピール する る 感 ある
-1.0,@Shin_kurose グレタさんにじゃなくて彼女を政治利用する方たちに反発しているんだと思います。「十代の少女」ってのが武器な訳で、反論すれば誰にでも「いい大人が」と揶揄できますし。,グレタ さん ない 彼女 政治 利用 する 方 たち 反発 する いる 思う ます 十代 少女 の 武器 訳 反論 する 誰 いい 大人 揶揄 できる ます
-1.0,"自分の行動と言動の不一致にも気付かない、まさに子供。

こんな子供に、世界政治に影響を与えるような力を与えてる支持層には心底呆れる。

＞ドイツ鉄道、グレタさんにツイッターで応酬　「混雑し過ぎ」と形容され（https://t.co/gRng1pdulU） https://t.co/DX2DvIVCTU",自分 行動 言動 一致 気付く ない 子供 子供 世界 政治 影響 与える 力 与える る 支持 層 呆れる ドイツ 鉄道 グレタ さん ツイッター 応酬 混雑 する 過ぎる 形容 する れる （）
-1.0,グレタさんどうせそんな人間だろうなと思っていた。注目浴びたいだけの人間。金に目が眩んでるんだろうな。,グレタ さん 人間 思う いる 注目 浴びる たい 人間 金 目 眩む る
-1.0,"グレタさんまじで胡散臭いわ。

世の中のことなんも知らないのに環境の事唱えんなよ",グレタ さん まじる 胡散臭い 世の中 こと なん 知る ない 環境 事 唱える
-1.0,@zuhhy030 16歳の女の子たった一人の力であそこまで人の目につくところに出てくるのも絶対不可能で明らかに周りに大人がいるはずだしさ…… 周りに持ち上げられるだけ持ち上げられて攻撃されるのはグレタさんだけなの、見ていてちょっとしんどいな😞😞,周り 持つ 上げる られる 持つ 上げる られる 攻撃 する れる の グレタ さん 見る いる しんどい いな
-1.0,RT @whitemage: グレタさんだかなんだかはロクな専門知識も無いのに「少女」というだけで囲いがつくんだからパペットとしても面白いけど、ただ言わされていることの内容は必ずしもハズレではなく「企業は環境対策の振りをしているだけ」みたいなのはまさにその通り。コンビニ袋廃止・…,グレタ さん ロク 専門 知識 無い 少女 いう 囲い つく パペット する 面白い 言う す れる いる こと 内容 ハズレだ ない 企業 環境 対策 振り する いる の 通り コンビニ 袋 廃止
1.0,"@lTfC8qI4PATLiaC 演出でいいんですよ。それで地球温暖化が防げれば。グレタさんのお陰で世界は確実に動いてるようですhttps://t.co/mpVJfbyiyN
このまま温室効果ガス削減が進まなかったら、人類は100年後には飢餓と食料戦争で滅んでるかも。日本はスーパーな台風と豪雨の乱発で滅びるのかな",演出 いい 地球 温暖だ 化 防げる グレタ さん お陰 世界 確実だ 動く る 温室 効果 ガス 削減 進む ない 人類 100 年 後 飢餓 食料 戦争 滅ぶ る 日本 スーパー 台風 豪雨 乱発 滅びる
1.0,"@sICknXi7EwcKLRL @honeyseedless @cnn_co_jp もっと報道してください。お願いします。

グレタさんの方が説得力ありますし。よろしくお願いします。",報道 する くださる 願う する ます グレタ さん 方 説得 力 ある ます 願う する ます
-1.0,"最早グレタ氏の言動が世界的な影響を与えている以上、彼女の言動をきちんと諌められる大人を彼女の周りに置くべきだし、支持者こそきちんと諌めるべきだと思う。でないと、彼女は利用されて終わる。

グレタさん「帰りの列車は超満員」  ドイツ鉄道とツイッターで小競り合い https://t.co/vSQ2SNWQrE",早 グレタ 氏 言動 世界 的だ 影響 与える いる 以上 彼女 言動 諌める られる 大人 彼女 周り 置く 支持 者 諌める 思う 彼女 利用 する れる 終わる グレタ さん 帰り 列車 満員 ドイツ 鉄道 ツイッター 小競り合い
1.0,俺はグレタさん支持。原理主義が持つ矛盾を指摘してマウント取りたがる大人が多いが、無駄だよ。ガキの視点は『自分』と『ナニか』で成立しているから逃げのない絶対がある。苛立ちや感情爆発を隠さない表現力を大人げないと評するのは、窮屈から脱せない者の嫉妬。Anger Managementなんて大人の都合。,俺 グレタ さん 支持 原理 主義 持つ 矛盾 指摘 する マウント 取る たい がる 大人 多い 無駄だ ガキ 視点 自分 ナニ 成立 する いる 逃げ ない ある 苛立ち 感情 爆発 隠す ない 表現 力 大人げない 評する の 窮屈だ 脱する ない 者 嫉妬 大人
-1.0,"環境活動演出家のグレタさんがキライです。
ああいうのをクレーマーと言うんですよ",環境 活動 演出 家 グレタ さん キライだ の クレーマ 言う
1.0,"私はグレタさんも支持していますよ。
少なくとも私には出来ないから尊敬しかないです。
若いからとか女性だからと芽を摘まれるのは理不尽だと思っています。
ではお付き合いくださいまして有り難うございました。 https://t.co/P0v19HeCol",私 グレタ さん 支持 する いる ます 私 出来る ない 尊敬 ない 若い 女性 芽 摘む れる の 理不尽だ 思う いる ます 付き合う くださる ます 有り難い ございます
-1.0,RT @nell0428: グレタさんが叩かれちゃう理由は年齢がどうとか性別がどうとか後ろ楯がどうとかよりも、印象操作ばかりして机上の空論だけでしかない上っ面だけの言葉だから説得力がないんだろうね。しかも公の場でやっているから余計に。,グレタ さん 叩く れる う 理由 年齢 性別 後ろ 楯 印象 操作 する 机上 空論 ない 上っ面 言葉 説得 力 ない 公 場 やる いる 余計だ
-1.0,グレタさんは環境保護活動ちゃんとしたいなら妙な見栄と私頑張ってるアピールとマウントとるようなやり方はやめた方が身のためやで,グレタ さん 環境 保護 活動 する たい 妙だ 見栄 私 頑張る る アピール マウント とる やり 方 やめる 方 身 ため やだ
-1.0,"@miraikogoods ちょっと宣揚の仕方が怖いって言うのと、大人がグレタさんを利用している感じがするのが見えてるのがなんとも言えませんね。
グレタさん本人にとやかく言う必要はないと思います。",宣揚 仕方 怖い 言う の 大人 グレタ さん 利用 する いる 感じ する の 見える る の 言える ます グレタ さん 本人 言う 必要だ ない 思う ます
1.0,なぜかTwitterでは批判的な人が多いけどグレタさんのことは応援してる。超頑張って欲しい。,批判 的だ 人 多い グレタ さん こと 応援 する る 頑張る 欲しい
-1.0,グレタさんの一連の行動、問題提起にしても雑過ぎるのだ。わざと各方面からグレタさんを批判させてエコ活動層からの同情を買わせるために支援団体がやってるとしか思えないのだ,グレタ さん 行動 問題 提起 する 雑だ 過ぎる 方面 グレタ さん 批判 する せる エコ 活動 層 同情 買う せる ため 支援 団体 やる る 思える ない
-1.0,グレタさんがやってること全てが悪いとは思わないけど、本当に環境を大切にするのなら「絶対に飛行機には乗らない！飛行機は悪！」って言うより「すみません、なるべく環境に優しい飛行機を使ってます」のほうが世の中の飛行機を利用している人たちからも共感は得られると思うんだけどなぁ。,グレタ さん やる る こと 悪い 思う ない 本当だ 環境 大切だ する 飛行機 乗る ない 飛行機 悪 言う 環境 優しい 飛行機 使う ます ほう 世の中 飛行機 利用 する いる 人 たち 共感 得る られる 思う
1.0,"グレタさんお疲れ様です。
グレタさんは立派です。
大好きです。日本の環境大臣に比べればましです。 https://t.co/mH6Q95BQiG",グレタ さん 疲れ 様 グレタ さん 立派だ 大好きだ 日本 環境 大臣 比べる ましだ
-1.0,グレタさんは電車なんて穢いもの使わずうさぎ古来の生活スタイルと同じことすると思ってたのに失望しましたー,グレタ さん 電車 いも 使う うさぎ 生活 スタイル 同じだ こと する 思う る 失望 する ます
-1.0,グレタさん、良くも悪くも世界がより環境について考えるように利用されているような感覚を覚える。人によっては彼女を批判するために調べ物をしたり、普段接点のない研究者の意見に触れることもあったはず。ま、ただの業界間の利権争いの側面も大いにあるのでしょうが。あの少女も大概被害者である。,グレタ さん 良い 悪い 世界 環境 つく 考える 利用 する れる いる 感覚 覚える 人 よる 彼女 批判 する ため 調べ 物 する 普段 接点 ない 研究 者 意見 触れる こと ある 業界 間 利権 争い 側面 ある 少女 被害 者
-1.0,グレタさん嫌いっすわ,グレタ さん 嫌いだ
1.0,やるじゃんグレタさん！,やる グレタ さん
-1.0,"@ohnuki_tsuyoshi なんにせよグレタさんの大きなミスは中国に対して強く言わなかった事。
攻め所を間違ってるよね。",なん する グレタ さん ミス 中国 対する 強い 言う ない 事 攻め 所 間違う る
-1.0,グレタさんが環境問題に関心があるのはいい事だと思うけど、裏で卑しい大人が動いてるのがあからさまに見えるし、感情論で物言い過ぎ。本気で世界を変えたいなら学校行って勉強しまくるはず。冷静さを欠いた時点で世界は変えられない。言っちゃ悪いけど変なベクトルの正義感を拗らせた感じ。,グレタ さん 環境 問題 関心 ある の いい 事 思う 裏 卑しい 大人 動く る の あからさまだ 見える 感情 論 物言い 過ぎ 本気だ 世界 変える たい 学校 行く 勉強 する まくる 冷静だ さ 欠く 時点 世界 変える られる ない 言う 悪い 変だ ベクトル 正義 感 拗る せる 感じ
1.0,"グレタさんのやってることは別に悪いことじゃないと思う。
ただね、敵を作るような発言をしてる人って良くないと思う。
仮にも世界のあらゆる人に向ける言葉ってのは特に。 https://t.co/ZzNbTTKI0h",グレタ さん やる る こと 別だ 悪い こと ない 思う 敵 作る 発言 する る 人 良い ない 思う 世界 人 向ける 言葉 の
1.0,僕はグレタさんを応援します,僕 グレタ さん 応援 する ます
1.0,"環境活動家のグレタさんかぁ。
なんでこんなに叩かれるかね。
地球環境を良くしたいと16歳で思うなんて立派じゃないの。
目立ちたがりとかいろいろ書かれてるけど同じ土俵にも立てない奴がボロクソ言い過ぎ。
自分の16の時なんて猿みたくち◯こいじってただけだしな。
その摩擦で発電できるくらいに。",環境 活動 家 グレタ さん 叩く れる 地球 環境 良い する たい 16 歳 思う 立派だ ない 目立つ たい がる 書く れる る 同じだ 土俵 立てる ない 奴 言い 過ぎ 自分 16 時 猿 みる くち こ いじる たい 摩擦 発電 できる くらい
1.0,"@yomichiyuki 出る杭は打たれるって事なのかな…？
環境問題を考え、全世界に訴える事は悪くないと思う。
グレタさんは16歳だけど、きっと、バックには大人がついている。
板挟みになっているのかもしれないねぇ。",出る 杭 打つ れる 事 環境 問題 考える 世界 訴える 事 悪い ない 思う グレタ さん 16 歳 バック 大人 つく いる 板挟み なる いる しれる ない
-1.0,グレタさんを使う大人が裏にいて上手いこと使ってるんだなぁって思ってしまう,グレタ さん 使う 大人 裏 いる 上手い こと 使う る 思う しまう
1.0,"グレタさんって凄いよなぁ。
大人に利用されているのかどうかは知らないけれど、世界的有名人になって、もしかしたら歴史にも名を残して、金も儲けられて安泰で贅沢三昧。
こんな子供はなかなかいない。 https://t.co/QKBYa3ruWC",グレタ さん 凄い 大人 利用 する れる いる 知る ない 世界 的だ 有名だ 人 なる 歴史 名 残す 金 儲ける られる 安泰だ 贅沢 三昧 子供 いる ない
-1.0,"こんな嘘つきを擁護している人達ってほんと…

【悲報】グレタさん「満員列車で帰りました」鉄道会社「ファーストクラスご利用ありがとうございます」 
 https://t.co/fhZ4d4oRui",嘘つき 擁護 する いる 人 達 ほんとだ 悲報 グレタ さん 満員 列車 帰る ます 鉄道 会社 ファースト クラス 利用 ございます
-1.0,RT @gure595: グレタさんは大人に要求するんじゃなくて、自分の言葉と知識で環境問題解決に向かうアイデアを話してほしいんだよな,グレタ さん 大人 要求 する ない 自分 言葉 知識 環境 問題 解決 向かう アイデア 話す ほしい
-1.0,"グレタの嘘バレタは草
てか登山家の野口健さんも指摘してたけど、飛行機は駄目だけど電車はOKの理屈が全く理解出来ない
飛行機より電車の方が環境には優しいってのは分かるけど、結局電車だって電気使うやん
パフォーマンスのためわざと乗らないだけじゃなく、単に高所恐怖症で怖くて乗れない説あるなw",グレタ 嘘 草 て 登山 家 野口 健 さん 指摘 する たい 飛行機 駄目だ 電車 理屈 理解 出来る ない 飛行機 電車 方 環境 優しい の 分かる 電車 電気 使う やん パフォーマンス ため 乗る ない ない 高所 恐怖 症 怖い 乗れる ない 説 ある
-1.0,"少年十字軍や百年戦争のジャンヌダルクみたいに、大人の汚れを知らない無垢な少年少女設定を広告塔に使う手口は人類共通で、悪い大人が善意を骨の髄まで利用し売り飛ばして金に換えるところまで同じ。

#グレタさん #グレタ

グレタさんドイツ鉄道とツイッターで小競り合い https://t.co/keC8LdPk4x",少年 十字 軍 百 年 戦争 ジャンヌダルク 大人 汚れ 知る ない 無垢だ 少年 少女 設定 広告 塔 使う 手口 人類 共通だ 悪い 大人 善意 骨 髄 利用 する 売る 飛ばす 金 換える ところ 同じだ グレタ さん する ドイツ 鉄道 ツイッター 小競り合い
1.0,"@serendipity8179 私もグレタさんを叩くのは異常だと思います☺️
グレタさんは経済優先だけでなく、未来の地球の環境も考えてと言っているだけなのに。
もしかしたら精一杯に一生懸命訴えているのが、怒り顔に見えてヒステリックに映ったからでは。
行動するより批判するだけなら楽ですしね💨
やらない善は本当に悪！",私 グレタ さん 叩く の 異常だ 思う ます グレタ さん 経済 優先 ない 未来 地球 環境 考える 言う いる 一生懸命だ 訴える いる の 怒り 顔 見える ヒステリック 映る 行動 する 批判 する 楽だ しねる ら ない 善 本当だ 悪
-1.0,"グレタさんこれは良くない！香港もそうだが、ちょっとやり過ぎな嫌いが、無くもない。が、闘っている相手が気候変動や中共という、議論の余地とてない絶対悪なので、大目に見る。

Greta Thunberg: Climate activist apologizes for ""against the wall"" comment - CBS News https://t.co/gFvx3b5r5q",グレタ さん 良い ない 香港 やる 過ぎる ない 嫌いだ 無い ない 闘う いる 相手 気候 変動 中 共 いう 議論 余地 ない 悪 大目 見る
-1.0,"しかも全然混んでない。根っからのプロ活動家だな。

「グレタさん「帰りの列車は超満員」 ドイツ鉄道が応酬」  https://t.co/JncVhASV51",混む ない プロ 活動 家 グレタ さん 帰り 列車 満員 ドイツ 鉄道 応酬
-1.0,"この子の活動について

本人の意思で活動している
と認識する人よりも
ある意図を持った大人に操られ活動している
と認識する人の方が明らかに多いこと
を示した出来事だなぁ

ドイツ鉄道、グレタさんにツイッターで応酬　「混雑し過ぎ」と形容され
https://t.co/fg95QpF8Wp",子 活動 つく 本人 意思 活動 する いる 認識 する 人 ある 意図 持つ 大人 操る れる 活動 する いる 認識 する 人 方 明らかだ 多い こと 示す 出来事 ない ドイツ 鉄道 グレタ さん ツイッター 応酬 混雑 する 過ぎる 形容 する れる
-1.0,グレタさん今まで綺麗事言ってたのに、従わないやつは死刑とか言い始めたよ。本性出ちゃってて草しか生えんな。まじ調子に乗りすぎたねグレタさんよぉ！！ほんと怖いわぁ…,グレタ さん 今 綺麗事 言う る 従う ない やつ 死刑 言う 始める 本性 出る う る 草 生える まじる 調子 乗る すぎる グレタ さん ほんとだ 怖い
-1.0,"グレタさん「帰りの列車は超満員」 ドイツ鉄道とツイッターで小競り合い　写真10枚　国際ニュース：AFPBB News https://t.co/Wll2vYDdCz

つくづくパフォーマンスが下手くそだな。

屁理屈の方向性がトランプ大統領と全く同じだ。

他人の金で平気でファーストクラスに 乗る偽善者。

厚顔無恥そのもの",グレタ さん 帰り 列車 満員 ドイツ 鉄道 ツイッター 小競り合い 写真 10 枚 国際 ニュース パフォーマンス 下手くそだ 屁理屈 方向 性 トランプ 大統領 同じだ 他人 金 平気だ ファースト クラス 乗る 偽善 者 厚顔だ 恥 そのもの
-1.0,さすがグレタさん。不利にならなそうなことは言わないんだね。,グレタ さん 不利だ なる ない そうだ こと 言う ない
-1.0,グレタさんに関しては後ろにいるであろう勢力が好かんのよなあ。,グレタ さん 関する 後ろ いる 勢力 好く
1.0,"グレタさんは16歳ながら環境問題に目を向けている、素晴らしい行動力の持ち主です。
それを利用している悪い大人が後ろにいることが問題ですね。",グレタ さん 16 歳 環境 問題 目 向ける いる 素晴らしい 行動 力 持ち主 利用 する いる 悪い 大人 後ろ いる こと 問題
-1.0,"グレタさんはもっと勉強するべきよ色んな意味で…
日本は地震が多いから原子力発電所作ったらオワコンだしクリーンエネルギーの風力でさえ台風きたらポキ
石油や石炭に頼らないのが1番だけどさそれぞれ事情があるわけで
むしろ代替案を提示したらすげぇ子だなと思うよ…",グレタ さん 勉強 する 色んな 意味 日本 地震 多い 原子 力 発電 所 作る オワコン だし クリーンだ エネルギー 風力 台風 くる 石油 石炭 頼る ない の 1 番 事情 ある 代替 案 提示 する すごい 子 思う
-1.0,私はグレタさんのこと支持してない、温暖化に真摯に向き合う人はみんなグレタさんを支持するものだ（⇄グレタさんを支持していないなら温暖化に真摯に向き合っていない）とする考えは傲慢だよ,私 グレタ さん こと 支持 する ない 温暖だ 化 真摯だ 向き合う 人 グレタ さん 支持 する もの グレタ さん 支持 する いる ない 温暖だ 化 真摯だ 向き合う いる ない する 考え 傲慢だ
1.0,"グレタさんは意識高い系妄想少女(曲の題名になりそw)なんだからみんな温かく見守ろうよ。

中2の時にクラスにあんな女子いたら気になってたと思う…
ちょっとこじらせたのを大人達が重病患者にしちゃった感。",グレタ さん 意識 高い 系 妄想 少女 曲 題名 なる す なん 温かい 見守る 中 2 時 クラス 女子 いる 気 なる たい 思う こじらせる の 大人 達 重病 患者 する う 感
1.0,"私はグレタさんを応援してますよ。
したいことをできるのは未来ある若者の特権ですからね。",私 グレタ さん 応援 する ます する たい こと できる の 未来 ある 若者 特権
1.0,"グレタさんの意見とかは別として、あの歳であそこまで行動できることは本当に凄いと思うな
わたしには出来なかったことだ…",グレタ さん 意見 別だ する 歳 行動 できる こと 本当だ 凄い 思う ない わたし 出来る ない こと
1.0,"ガキがちょっとカッコつけただけじゃあねぇか。黙して語れよ。

 グレタさん「帰りの列車は超満員」 ドイツ鉄道が応酬  https://t.co/7o6MpmSu6v",ガキ カッコ つける ない 黙す 語れる グレタ さん 帰り 列車 満員 ドイツ 鉄道 応酬
-1.0,"概して左派の人たちはグレタさんに賛同しているけど、彼女の言っていることを実現しようとしたら、生活上の負担はかなりのものになるはず。
少しでも税金や保険料や物価が上がっただけで、わーわー騒ぎ立てるような人々が、CO2排出抑制による負担増を許容出来るとは思えないんだが。",左派 人 たち グレタ さん 賛同 する いる 彼女 言う いる こと 実現 する する 生活 上 負担 もの なる 税金 保険 料 物価 上がる 騒ぐ 立てる 人々 2 排出 抑制 よる 負担 増 許容 出来る 思える ない
-1.0,"いま話題のグレタさんとやら正直嫌い
胡散臭い大人達に16歳なの持ち上げられてる単なるクレーマーにしかみえんし、本人に魅力を探す方が難しい
あの手の薄いものに流されちゃうおっちょこちょいが一定数いるから通用するのかも
#炎上覚悟で嫌いなものを言う",いま 話題 グレタ さん 嫌いだ 胡散臭い 大人 達 16 歳 持つ 上げる られる る クレーマ みえる 本人 魅力 探す 方 難しい 手 薄い もの 流す れる う おっちょこちょいだ 一定 数 いる 通用 する 炎上 覚悟 嫌いだ もの 言う
-1.0,"電車🚋は良くって、飛行機✈️がダメな理由が分からんのだが🥺

#グレタ 

グレタさん「帰りの列車は超満員」  ドイツ鉄道とツイッターで小競り合い https://t.co/DIX8pyI3f3 @afpbbcomから",電車 良い 飛行機 ダメだ 理由 分かる グレタ グレタ さん 帰り 列車 満員 ドイツ 鉄道 ツイッター 小競り合い
1.0,"グレタさんの活動の意義自体は賞賛しないといけないと思う。
もう世界的に雪崩は起きてるんだからその原因となった小石を責めるのはおかしな話で、雪崩が起きるまで雪を積もらせたのはこれまでの世界的な流れが原因と思う。。
世界的な資本主義の流れから立ち返る必要があるんだろうか。を見てる。",グレタ さん 活動 意義 自体 賞賛 する ない いけない 思う 世界 的だ 雪崩 起きる る 原因 なる 小石 責める の 話 雪崩 起きる 雪 積もる せる の 世界 的だ 流れ 原因 思う 世界 的だ 資本 主義 流れ 立ち返る 必要だ ある 見る る
-1.0,"RT @tylor_masahiro: 偽善も偽善よな、グレタ https://t.co/FXVnRxVl9P

「環境問題に取り組むグレタさん「超満員電車で帰るところです」と床に座ってる写真..」https://t.co/Yjpkp9i5oa にコメントしました。",環境 問題 取り組む グレタ さん 満員 電車 帰る ところ 床 座る る 写真 コメント する ます
-1.0,"グレタさん、飛行機移動は拒否するけど電車移動はオーケーなんだね。

線引きがよくわからない。",グレタ さん 飛行機 移動 拒否 する 電車 移動 オーケー 線引き よい わかる ない
-1.0,グレタさんは、パフォーマンスばかりしてように見えるのだよ。,グレタ さん パフォーマンス する 見える
-1.0,"グレタさんなぁ…
言いたいことはわかるんやけど、行動が伴わない言葉には誰も動かされないよってちょっと思うんだなぁ…",グレタ さん 言う たい こと わかる 行動 伴う ない 言葉 誰 動かす れる ない 思う
1.0,@Reuters_co_jp グレタさんのスピーチは問題提起として正しい。真っ当な人間なら問題解決に力を注ぐべき。図星突かれたからって逆ギレして彼女の私生活に一々揚げ足を取ったり嫌味を宣ったりする政治家やネット民は惨めとしか言いようがない。,グレタ さん スピーチ 問題 提起 する 正しい 真っ当だ 人間 問題 解決 力 注ぐ 図星 突く れる 逆だ する 彼女 私生活 一 揚げ足 取る 嫌味だ 宣う する 政治 家 ネット 民 惨めだ 言い よう ない
-1.0,グレタさん行動と言動が一致してないな,グレタ さん 行動 言動 一致 する ない
1.0,"RT @0wa8p: 宣言した通りに各方面で戦っているのは、ご立派♨︎
「親愛なるグレタさん、気候変動と闘うわれわれ鉄道労働者を支援してくれてありがとう」「ファーストクラス（1等車）であなたをおもてなししたフレンドリーで有能な弊社スタッフについても触れていただけたら良かったです…",宣言 する 通り 方面 戦う いる の 立派だ グレタ さん 気候 変動 闘う われわれ 鉄道 労働 者 支援 する くれる ファースト クラス 1 等 車 あなた もてなし する フレンドリーだ 有能だ 弊社 スタッフ つく 触れる いただける 良い
-1.0,"グレタさん言ってることは賛同できなくても共感は大半の人間ができるんだから、自分で言ってたようにいらないパフォーマンスなんてせず訴えればいいのに。

結局非難してた各国首脳と同じように形だけの環境活動家に見えてしまうようになって非常に残念。",グレタ さん 言う る こと 賛同 できる ない 共感 大半 人間 できる 自分 言う たようだ いる ない パフォーマンス する 訴える いい 非難 する たい 各国 首脳 同じだ 形 環境 活動 家 見える しまう なる 非常だ 残念だ
-1.0,"グレタさんの言う事も分かる。
今のままではマズイと思う。

ただ攻撃対象国が偏ってたり、こうゆう演出をしてしまうから説得力がない。

環境問題の一番の問題は「先進国は今までco2出しまくって儲けたのだから俺たちも出させろ」と中国など新興国が削減義務を負ってない事。https://t.co/uYl7bkaIUs",グレタ さん 言う 事 分かる 今 まま マズイ 思う 攻撃 対象 国 偏る る こうゆう 演出 する しまう 説得 力 ない 環境 問題 一 番 問題 先進 国 今 2 出す まくる 儲ける 俺 たち 出す せる 中国 新興 国 削減 義務 負う ない 事
-1.0,グレタさん、あの歳で立派な嘘つきになってしまわれたのか…,グレタ さん 歳 立派だ 嘘つき なる しまう れる
-1.0,"@wonderMAKI @simaumaio そこに論理的な整合性を全く求めてないのが厄介ですね。人を見るときに参考にする線引きのひとつです。

実際例のグレタさんが独裁者化してます。あれ止めないと可哀想。",論理 的だ 整合 性 求める ない の 厄介だ 人 見る とき 参考 する 線引き ひと つ グレタ さん 独裁 者 化 する ます 止める ない 可哀想だ
1.0,"何というか、グレタさんに対して悪意的な気持ちは無いし、若いのに立派な活動家であることは、純粋に尊敬する。

ただ、個々の言動の意義が、普段、環境のことを必ずしも、四六時中、考えているわけではない、ごく普通の一般人の心にも届かないと、逆効果になることもあるのでは、という懸念がある。",グレタ さん 対する 悪意 的だ 気持ち 無い 若い の 立派だ 活動 家 こと 純粋だ 尊敬 する 個々 言動 意義 普段 環境 こと 考える いる ない 普通だ 一般 人 心 届く ない 逆だ 効果 なる こと ある いう 懸念 ある
-1.0,"グレタさんの主張は矛盾してるし、色々と問題あると思う。

しかしお客様のプライベートな情報漏らすのは違うだろドイツ鉄道！ https://t.co/KD6QEgKsFL",グレタ さん 主張 矛盾 する る 問題 ある 思う 客 様 プライベートだ 情報 漏らす の 違う ドイツ 鉄道
1.0,グレタさん、科学者の声を聞けっていう運動の主旨自体は悪いと思ってないのでなぁ……,グレタ さん 科学 者 声 聞ける いう 運動 主旨 自体 悪い 思う ない
1.0,"因みに、僕はグレタさんの事は応援してるんだよ？ そのまま立派な活動家になって、面白い話をいっぱいプレゼントして欲しいな！  今の立民みたいな。

ただ、僕は僕で周りに迷惑をかけずに一人でも出来る身近な取り組みをやってくから。最近は買い物袋を買ったしね。",因み 僕 グレタ さん 事 応援 する る 立派だ 活動 家 なる 面白い 話 プレゼント する 欲しい 今 立 民 僕 僕 周り 迷惑 かける 一 人 出来る 身近だ 取り組み やる く 最近 買い物 袋 買う
1.0,"グレタさんほんますごいよね！
地球のこと思って発信できる芸人なんて
そうそう出てくるもんじゃない！
それでいて海外行ってもしっかり
笑いを取ってくる。
それが全く関係ない日本でまで
こんな話題になるなんて
本当に凄いことだと思います！",グレタ さん ほんまだ すごい 地球 こと 思う 発信 できる 芸人 出る くる もん ない 海外 行く 笑い 取る くる 関係 ない 日本 話題 なる 本当だ 凄い こと 思う ます
-1.0,"ちょっと色々無理！
矛盾してるし、利用されてることに気付かないところとか。

グレタさん無理だわ…",無理 矛盾 する る 利用 する れる る こと 気付く ない ところ グレタ さん 無理だ
1.0,グレタさんに関して特に好き嫌いの感情は無いのだけど、温暖化問題が全く興味無かった人達にも広がってるのは前向き傾向だし、彼女を頭ごなしに毛嫌いする痛い大人達も結局は掌で転がされてるだけの様に見えて面白い。特に某国大統領とか。それを通して彼女のやりたい事が更に知れ渡ってるわけだし。,グレタ さん 関する 好き嫌い 感情 無い 温暖だ 化 問題 興味 無い 人 達 広がる る の 前向きだ 傾向 彼女 頭ごなし 毛嫌い する 痛い 大人 達 掌 転がす れる る 様 見える 面白い 某 国 大統領 通す 彼女 やる たい 事 知れる 渡る る
1.0,"グレタさんの主義主張は間違ってないんだよ、ただ現実的でないだけで。
というか、環境問題は解決しないよ。
人間が死なない限りは。",グレタ さん 主義 主張 間違う ない 現実 的だ ない いう 環境 問題 解決 する ない 人間 死ぬ ない 限り
1.0,こういう言動をする人が現れるのはグレタさんがやってることが正しいことである証明 https://t.co/CeSwVFm4Zf,言動 する 人 現れる の グレタ さん やる る こと 正しい こと 証明
1.0,@vG2AZlCr4F3hx6Y グレタさんが正論を言っているのに、何故世間は面白おかしく報道する‼️,グレタ さん 正論 言う いる 世間 面白おかしい 報道 する
-1.0,"何かにつけ物事の片側からしか見ないというのはどうかと思う。

ドイツ鉄道 グレタさんに皮肉 https://t.co/tHFkhYxo3Q",物事 片側 見る ない いう の 思う ドイツ 鉄道 グレタ さん 皮肉だ
-1.0,@ihi1484 @Manon51813104 それは最も愚かで全く同意できません。言い換えればそれは自分さえよければいいという事なんですよ。逆に発達だからと開き直りがあると思います。グレタさんも同様です。グレタさんは結果的に全世界の庶民に喧嘩を売っています。差別程度では済まされない暴挙です。,愚かだ 同意 できる ます 言う 換える 自分 よい いい いう 事 逆だ 発達 開き直り ある 思う ます グレタ さん 同様だ グレタ さん 結果 的だ 世界 庶民 喧嘩 売る いる ます 差別 程度 済ます れる ない 暴挙
1.0,グレタさんがたとえ偽善者だろうがどうでもいいから日本や世界中のなにもしないくせにグレタさんに突っ込んでいく面倒くさい人達が盲腸になることを強く願っている。,グレタ さん 偽善 者 いい 日本 世界 中 する ない くせ グレタ さん 突っ込む いく 面倒くさい 人 達 盲腸 なる こと 強い 願う いる
-1.0,"綺麗事を声高に叫ぶのは簡単だ。現状に不満をいい、より良い世の中を目指そう！とか言えばいいんだから。要はその先にどんな解決策を持っているのかの方が大事なわけで。
それが伝わってこないので、グレタさんも小泉さんも大差はない。",綺麗事 声高だ 叫ぶ の 簡単だ 現状 不満だ いう 良い 世の中 目指す 言う いい その先 解決 策 持つ いる 方 大事だ 伝わる くる ない グレタ さん 小泉 さん 大差 ない
-1.0,"グレタさんはボロクソ言うだけで、対案が無いんだよな。野党じゃないんだから批判のみで終わらせようとしないで、例えば「自分は●●(システムやら製品)を考えた」とかあれば、違うと思うんだけど、感情論なんか誰でも言えるんだよな。
環境のことは皆考えてるの。それでこの現状なの、と言いたい。",グレタ さん 言う 対案 無い 野党 ない 批判 終わる せる する 自分 ●● システム 製品 考える ある 違う 思う 感情 論 誰 言える 環境 こと 考える る 現状 言う たい
-1.0,"信念と席の質は関係ないにしても、やはり正義を言う人を鵜呑みにして同調してはならないな。
比較的グレタさんの言いたいことはわかるが。
個人的には顔が好きになれない。
まぁ関係ないんだけど。",信念 席 質 関係 ない する 正義 言う 人 鵜呑み する 同調 する なる ない グレタ さん 言う たい こと わかる 個人 的だ 顔 好きだ なれる ない 関係 ない
-1.0,RT @festiva1202: 正直、グレタさんには今後活動家では無く、勉強を頑張って理系大学院できちんとした科学技術の知識を履修して、地球環境問題の対策に対するサイエンスの側からの実務的アプローチの方向に向かって欲しい。,正直 グレタ さん 今後 活動 家 無い 勉強 頑張る 理系 大学院 する 科学 技術 知識 履修 する 地球 環境 問題 対策 対する サイエンス 側 実務 的だ アプローチ 方向 向かう 欲しい
-1.0,グレタさんは今からでもこんな活動やめて学校行って自分のために勉強した方がいい,グレタ さん 今 活動 やめる 学校 行く 自分 ため 勉強 する 方 いい
1.0,"グレタさんが""明るい未来を夢見るただの少女""だったとしても、一つのことに打ち込む姿は本当に素晴らしい。英語が分からないことは本当に残念だ。必ずいつか習得せねば...

でもまずは数学だと思ってるんだ... https://t.co/r3ydI3Dqpg",グレタ さん 明るい 未来 夢見る 少女 する 一 つ こと 打つ 込む 姿 本当だ 素晴らしい 英語 分かる ない こと 本当だ 残念だ 習得 する 数学 思う る
1.0,俺にはグレタさんみたいな行動力がないのでその点では尊敬してる。,俺 グレタ さん 行動 力 ない 点 尊敬 する る
1.0,"日本企業も少しは見習うべき❗

ドイツ鉄道、グレタさんにツイッターで応酬　「混雑し過ぎ」と形容され（https://t.co/jaRSZzjCAK） https://t.co/6XkrGmGEYG",日本 企業 見習う べき ドイツ 鉄道 グレタ さん ツイッター 応酬 混雑 する 過ぎる 形容 する れる （）
-1.0,@ikaryakuchan 今のグレタさんに完璧な活動家としての行動は不可能かな😅自分が利用されてるかどうかも分からないような気がして心配。,今 グレタ さん 完璧だ 活動 家 する 行動 不可能だ かな 分 利用 する れる る 分かる ない 気 する 心配だ
1.0,グレタさんのスピーチは賛否両論あるが、あの迫力と怒りに満ちた表情は鳥肌が立った。彼女が嘘をついていたとしても、現に地球の温度は上昇している。これは事実なのである。早急に対策し、改善を見出さないといけない。,グレタ さん スピーチ 賛否 両論 ある 迫力 怒り 満ちる 表情 鳥肌 立つ 彼女 嘘 つく いる する 地球 温度 上昇 する いる 早急だ 対策 する 改善 見出す ない いけない
1.0,RT @bananadakedone: グレタさんの言動をあざ笑うひとたちは気候温暖化による地球規模の危機について聴く耳をもたないと、それはたしかだろう。あとになってからではどうしようもない、その「未来」について語るひとに大衆はいつも気にくわない目をむける。,グレタ さん 言動 あざ笑う ひと たち 気候 温暖だ 化 よる 地球 規模 危機 つく 聴く 耳 もつ ない たしかだ あと なる する よう ない 未来 つく 語る ひと 大衆 気 くう ない 目 むける
1.0,グレタさんは物議醸しているがCO2そのも削減のやつは結構サイコっぽくて賛同できる。真理ではある。けど言ってることとやることは違うからたぶん大したことしなさそうだな,グレタ さん 物議 醸す いる 2 削減 やつ サイコ っぽい 賛同 できる 真理 ある 言う る こと やる こと 違う こと しなす そうだ
-1.0,"@sharenewsjapan1 グレタさんに反論しているのです。反発してる訳じゃない。
じゃあ茂木よ！お前も飛行機乗るなよ！",グレタ さん 反論 する いる 反発 する る 訳 ない 茂木 お前 飛行機 乗る
1.0,RT @suka_t: グレタさんにエネルギーを一切使わない生活しか許さないひとたちのつぶやきばかり流れてくる。それで、この温暖化というか、高熱化な気候がどうにかなるわけでもない。陰湿ないじめに加担してても、全部わたしらの生活にブーメランなんだよなあ。はあ、虚しい。おろかだ。,グレタ さん エネルギー 使う ない 生活 許す ない ひと たち つぶやき 流れる くる 温暖だ 化 いう 高熱 化 気候 なる ない 陰湿だ いじめ 加担 する る わたし ら 生活 ブーメラン 虚しい おろかだ
1.0,RT @FIFI_Egypt: グレタさんの提言はとても大事なことだと思います。環境保護は誰もが願っている事ですし。ただ、どうしたら不自由のない経済活動と生活を維持しながら理想に近づけるのか、具体的な目標と対策が知りたいです。少女を環境アイコンとして担ぎ上げてリーダー批判させる…,グレタ さん 提言 大事だ こと 思う ます 環境 保護 誰 願う いる 事 する 不自由 ない 経済 活動 生活 維持 する 理想 近づける 具体 的だ 目標 対策 知る たい 少女 環境 アイコン する 担ぐ 上げる リーダー 批判 する せる
1.0,環境問題に無知なので主張の妥当性はわからないが、正直グレタさん、人間的にはかなり好きな感じですね。,環境 問題 無知だ 主張 妥当だ 性 わかる ない グレタ さん 人間 的だ 好きだ 感じ
-1.0,"段々ボロが出て来たなぁ。

彼女の床座り姿自体、誰が撮ってんのか。話題作りのプレスが同行してるだろう？

見ない様にしてても入ってくるこの「やらせ」臭満々のグレタ・イメージ、苦さしかない。

グレタさん「帰りの列車は超満員」 ドイツ鉄道とツイッターで小競り合い https://t.co/hckgcWVX5n",ボロ 出る 来る 彼女 床 座り 姿 自体 誰 撮る 話題 作り プレス 同行 する る 見る ない する る 入る くる やらせ 臭 グレタ イメージ 苦い さ ない グレタ さん 帰り 列車 満員 ドイツ 鉄道 ツイッター 小競り合い
-1.0,独鉄道、グレタさんと応酬　「列車大混雑」の投稿受け https://t.co/5QfAl9yqa6 活動家の片鱗を見せましたね。活動家は表面上はこの様な情報を発信するが実際は全然違うことをしていることが多い。家ではガンガン暖房してエネルギーを使い放題にしていたりして！,独 鉄道 グレタ さん 応酬 列車 混雑 投稿 受け 活動 家 片鱗 見せる ます 活動 家 表面 上 情報 発信 する 違う こと する いる こと 多い 家 暖房 する エネルギー 使い 放題 する いる する
-1.0,"前から胡散臭い自称登山家だと思っていたが案の定だな

グレタさん攻撃で炎上した登山家・野口健の過去は事実だった！「15歳のシェルパの娘と“児童婚”して離婚」「猫を空気銃で射殺」　 https://t.co/WVEpEQPKbV @litera_webより",前 胡散臭い 自称 登山 家 思う いる ない グレタ さん 攻撃 炎上 する 登山 家 野口 健 過去 15 歳 シェルパ 娘 児童 婚 する 離婚 猫 空気 銃 射殺
-1.0,グレタさんのやつ、環境問題って平和とかと違って知識があってのものだからあの年齢で知ったようなこと言ってる時点でお察しだよね。もともと関心があって小さい頃から勉強研究してたなら別だけど見た感じそれはなさそうだし。あの人が批判してる人たちは少なくともグレタさんより知識あるだろうしな。,グレタ さん やつ 環境 問題 平和だ 違う 知識 ある もの 年齢 知る こと 言う る 時点 察する 関心 ある 小さい 頃 勉強 研究 する る 別だ 見る 感じる ない さ そうだ 人 批判 する る 人 たち グレタ さん 知識 ある
1.0,グレタさんの指摘は鋭いよなぁ〜と感心していたら、ツイッターやってたのね。私は一律に飛行機があかんとは思えないけど、政治家はやってるふりして何もやってないってのは、よくぞ言ってくれたとかしか言いようがなくない？選挙のことしか考えてないような政治家たくさんいるよね？,グレタ さん 指摘 鋭い 感心 する いる ツイッター やる る 私 一律だ 飛行機 あかん 思える ない 政治 家 やる るふ りする やる ない の 言う くれる 言い よう ない ない 選挙 こと 考える ない 政治 家 いる
-1.0,"ドイツ鉄道、グレタさんにツイッターで応酬　「混雑し過ぎ」と形容され https://t.co/0MWepaK7EZ
嘘つき言い訳少女。彼女を利用して利権を貪ろうと企てる薄汚い大人達。少女の言い分を鵜呑みにして賛美し、綺麗ごとをぬかすアホ左翼。どいつもこいつもクソ。",ドイツ 鉄道 グレタ さん ツイッター 応酬 混雑 する 過ぎる 形容 する れる 嘘つき 言い訳 少女 彼女 利用 する 利権 貪る 企てる 薄汚い 大人 達 少女 言い分 鵜呑み する 賛美 する 綺麗ごと ぬかす アホ 左翼 どいつ こいつ
1.0,グレタさんの何が悪いのか？彼女のおかげで電気や車を使うとき気にするようになったのは確かなこと。,グレタ さん 何 悪い 彼女 おかげ 電気 車 使う とき 気 する なる の 確かだ こと
-1.0,"「否定」「批判」という行為は大抵それをする者自身の序列アゲとそれによる欲求の充足の為に行われているので普遍的な観点から見れば大した意味はない
唯一必要なのは「解決策」
なのでグレタさんが嫌われるのはその辺よな、と",否定 批判 いう 行為 する 者 自身 序列 アゲ よる 欲求 充足 為 行う れる いる 普遍 的だ 観点 見る 意味 ない 必要だ の 解決 策 グレタ さん 嫌う れる の その辺
1.0,"現に立派でも完璧でもない人達が社会を、国を、世界を動かしているのだから、立派でも完璧でもない私も、あなたも、野党も、グレタさんも、そこに対抗していっていいの。
そのときの判断基準が、正義だったり、法だったり、科学だったり。
そうやって世の中ブラッシュアップしていかないと皆共倒れよ。",立派だ 完璧だ ない 人 達 社会 国 世界 動かす いる 立派だ 完璧だ ない 私 あなた 野党 グレタ さん 対抗 する いく いい とき 判断 基準 正義 法 科学 やる 世の中 ブラッシュ アップ する いく ない 共倒れ
-1.0,こういう事を理解した上でグレタさんらの主張に賛意を送るのであれば、それはそれで一つの思想だろうと思うけど、理解せずに「先進的だ！」という意味不明の誤解で支持するのであれば、手痛いしっぺ返しを受けることを覚悟した方が良いと思うよ。,事 理解 する 上 グレタ さん ら 主張 賛意 送る 一 つ 思想 思う 理解 する 先進 的だ いう 意味 不明だ 誤解 支持 する 手痛い しっぺ返し 受ける こと 覚悟 する 方 良い 思う
-1.0,グレタさんは広告塔にされるために都合の悪いことを教えられずに育ってきた感じなんだよな…。世界に向けて発信してるのに世界の多様性を知らずに「1つに」しようとしてる,グレタ さん 広告 塔 する れる ため 悪い こと 教える られる 育つ くる 感じ 世界 向ける 発信 する る 世界 多様だ 性 知る 1 つ する する る
-1.0,"グレタさんて何様？皆が環境重んじて飛行機と自動車をやめて公共交通の鉄道使うようになったら超満員になるんだが。
環境破壊は他人のせい。その是正リスクは負わないって、単なる駄々っ子じゃん。
RT
「グレタさん「帰りの列車は超満員」 ドイツ鉄道が応酬」  https://t.co/OKOmeNW5gp",グレタ さん て 何 様 環境 重んずる 飛行機 自動車 やめる 公共 交通 鉄道 使う なる 満員 なる 環境 破壊 他人 せい 是正 リスク 負う ない 駄々っ子 グレタ さん 帰り 列車 満員 ドイツ 鉄道 応酬
1.0,"@GretaThunberg グレタさんわたしはあなたの味方です。
骨法は二酸化炭素と結合し炭素化合物を作りだします。本当なんです。
信じてください。",グレタ さん わたし あなた 味方 骨法 二 酸化 炭素 結合 する 炭素 化合 物 作る だす ます 本当だ 信じる くださる
1.0,RT @ShoichiAshihara: 私は、先のグレタさんのツイートに感じた違和を指摘したまでで、彼女の行動は評価しています。https://t.co/uoWC4b01IX,私 先 グレタ さん ツイート 感じる 違和 指摘 する 彼女 行動 評価 する いる ます
1.0,グレタさん、あの若さで世界に自分の考えを発信できるのほんとすごいし尊敬の念しかない。,グレタ さん 若い さ 世界 自分 考え 発信 できる の ほんとだ すごい 尊敬 念 ない
-1.0,グレタさんに対する嫌悪感は、温暖化は悪と思い込んでいる点にある。全て考えた上での主張でないように感じる,グレタ さん 対する 嫌悪 感 温暖だ 化 悪い 思う 込む いる 点 ある 考える 上 主張 ない 感じる
1.0,自説をセカンドオピニオンに委ねるの、普通に正しい。批判する人はグレタさんと同じことができない人と認めたことに気づくべき。 https://t.co/jzidnAI6dq,自説 セカンドオピニオン 委ねる の 普通だ 正しい 批判 する 人 グレタ さん 同じだ こと できる ない 人 認める こと 気づく
-1.0,グレタさんの言うようなエコってなにができるだろうね。ペットボトルはあまり買わないし。エコバッグはあるからマイボトル持ち歩いたり旬のものを食べる感じかな？,グレタ さん 言う エコ なに できる ペットボトル 買う ない ある 持ち歩く 旬 もの 食べる 感じ
-1.0,グレタさん。時の人ですが私はあまり賛同できないです。彼女もしょせんそんな事考える余裕のある搾取する側の人。毎日食べるのに苦労してる人及びその家族のこと考えてるのか疑問です。石炭駄目っていってもそこで働く末端の人は貧しい人が多いでしょう。違う考えの人は悪人みたいに言わないで欲しい。,グレタ さん 時 人 私 賛同 できる ない 彼女 事 考える 余裕 ある 搾取 する 側 人 毎日 食べる の 苦労 する る 人 家族 こと 考える る 疑問 石炭 駄目だ いう 働く 末端 人 貧しい 人 多い 違う 考え 人 悪人 言う 欲しい
-1.0,"グレタさんは子供ゆえの脇の甘さに呆れる部分もあるが
その主張の全てが否定されるのとは、確証が出揃っていない為また別の話

少なくとも、嘘を重ねまくり
未だ逃げ回ってる犯罪者が野放しの国が言えた義理はない",グレタ さん 子供 ゆえ 脇 甘い さ 呆れる 部分 ある 主張 否定 する れる の 確証 出揃う いる ない 為 別だ 話 嘘 重ねる まくる 逃げる 回る る 犯罪 者 野放し 国 言える 義理 ない
1.0,"グレタさんは注目を集めるのがうまいなあ…あれを自分の意思のみで解決で行なっていたとしたら相当頭が切れる人だ
#グレタさん",グレタ さん 注目 集める の うまい 自分 意思 解決 行なう いる する 相当だ 頭 切れる 人 グレタ さん
1.0,"グレタさんって一つの意見じゃない。きれいごとかもしれないし、長距離を列車で移動なんて誰でもできることじゃない。できない理由をちゃんと話せばいいのに。
「俺は環境より経済を取る」「私にはお金がない」って堂々と。悪になり切れない悪ってカッコ悪いな",グレタ さん 一 つ 意見 ない きれいごと しれる ない 距離 列車 移動 誰 できる こと ない できる ない 理由 話す いい 俺 環境 経済 取る 私 金 ない 堂々たる 悪 なり切れる ない 悪 カッコ悪い
-1.0,"@Tanaka72360344 @kyrie16 @minaminootoko2 まず、私はグレタさんは好きではない。
その前置を、了承して頂いて…。
グレタさんは良いように使われただけだと思うんですよね。そのくらいわかれよ！と言われても、彼女はアスペルガーみたいですし、これは、やっぱり周りの大人が悪い。",私 グレタ さん 好きだ ない 前 置 了承 する 頂く グレタ さん 良い 使う れる 思う くらい わかれる 言う れる 彼女 アスペルガー 周り 大人 悪い
1.0,"私の大好きなファミリーはグレタさんと友達だったんだ💕
見てるだけで幸せになれる写真✨ https://t.co/wvHiqWwHoS",私 大好きだ ファミリー グレタ さん 友達 て る 幸せだ なれる 写真
1.0,@badusai777 @byaku_go 私の今年の推しはグレタさんです😊,私 今年 推し グレタ さん
-1.0,"グレタさんはSNS使い方間違ってるしそこらへんちゃんとしてる人が付くべきなのでは？
意見をしっかり持ってるとは言え子供だし1人で大暴走して自然消滅する未来しか見えない",グレタ さん 使い 方 間違う る そこら へん ちゃん する る 人 付く 意見 持つ る 言える 子供 だし 1 人 暴走 する 自然だ 消滅 する 未来 見える ない
-1.0,"グレタさんまた嘘ついちゃったね。
超満員列車でドイツを移動中。やっと家に帰るところです！じゃねぇよ。床に座ってパフォーマンスしてさ。がっつりファーストクラス使ってんじゃん。
これだからうさんくさいんだよ。
電力うんぬん抜かすなら歩いて帰れよ。電車使うな。",グレタ さん 嘘 つく う 満員 列車 ドイツ 移動 中 家 帰る ところ ない 床 座る パフォーマンス する ファースト クラス 使う うさんくさい 電力 うんぬん 抜かす 歩く 帰れる 電車 使う
-1.0,"グレタさんって、本当に幸せな子供だね。

先端科学技術や、そこで演説できている平和は
誰が築いたたものなんだろう？
負の側面だけを指摘して、正の側面は自由に享受する。

幸せな子だねぇ(((ｕдｕ*)ｩﾝｩﾝ",グレタ さん 本当だ 幸せだ 子供 先端 科学 技術 演説 できる いる 平和だ 誰 築く たい もの 負 側面 指摘 する 正 側面 自由だ 享受 する 幸せだ 子 ない
1.0,グレタさんについて調べたけど、どちらにせよ私にだったら到底できないことをしてて普通にすごいなと,グレタ さん つく 調べる する 私 できる ない こと する る 普通だ すごい
-1.0,グレタさんみたいな、不協和音マーケティングみたいの、ほんと嫌だなぁ　他人を不愉快をお金に換える、その発想が嫌い,グレタ さん 協和 音 マーケティング ほんとだ 嫌だ 他人 不愉快だ 金 換える 発想 嫌いだ
-1.0,RT @nowa_nowa_ki: 人の成長と成熟に必要な年月は一定ではないけれど、グレタさんの年齢で将来を縛ってしまうような活動をするのも、させるのも、あまり快く思えない,人 成長 成熟 必要だ 年月 一定 ない グレタ さん 年齢 将来 縛る しまう 活動 する の する せる の 快い 思える ない
-1.0,グレタさんの事がイマイチ受け入れられないのは本人以前に胡散臭い取り巻きの「大人」の影響が大きいと思われる所。,グレタ さん 事 イマイチだ 受け入れる られる ない の 本人 以前 胡散臭い 取り巻き 大人 影響 大きい 思う れる 所
1.0,"@lTfC8qI4PATLiaC グレタさんスバラシイ！

ぜひ日本にも来てください！
極限のエコを体感してほしいです！ https://t.co/7cSVjzVT2H",グレタ さん スバラシイ 日本 来る くださる 極限 エコ 体感 する ほしい
-1.0,"RT @onlyone_haru: 所詮はバックにいる大人のお人形ですよね？

ドイツ鉄道、グレタさんにツイッターで応酬　「混雑し過ぎ」と形容され（https://t.co/VjFzbl05Rp） https://t.co/5Eg4wUjd5D",所 詮 バック いる 大人 人形 ドイツ 鉄道 グレタ さん ツイッター 応酬 混雑 する 過ぎる 形容 する れる （）
1.0,"@GretaThunberg 私は今乳がんです。私には沢山の未来はないけれど、私には14歳の娘がいます。
未来を生きる子供達の為にグレタさんの活動を応援します。
私も何処に行く時は飛行機は利用しません。
頑張って下さい。",私 乳 私 沢山だ 未来 ない 私 14 歳 娘 いる ます 未来 生きる 子供 達 為 グレタ さん 活動 応援 する ます 私 行く 時 飛行機 利用 する ます 頑張る 下さる
1.0,"グレタさんと吉野彰さんが世界の「環境」を本気で変えるかもしれない！本気で「気候変動」を考えているからだ！
「吉野理論」は「原発ムラ」を一気に変える可能性を持っている。",グレタ さん 吉野 彰 さん 世界 環境 本気だ 変える しれる ない 本気だ 気候 変動 考える いる 吉野 理論 原発 ムラ 一気だ 変える 可能だ 性 持つ いる
-1.0,グレタさんを批判するつもりは微塵もないが、テレビもWi-Fiもパソコンもない環境が適正な俺にとっては、グレタさんも環境汚染の原因だよ。グレタさんに電気もガスも使わない人になってほしいわけじゃなくて、俺は環境なんかいくらでも汚染していいと思ってるだけ。,グレタ さん 批判 する つもり 微塵 ない テレビ パソコン ない 環境 適正だ 俺 とる グレタ さん 環境 汚染 原因 グレタ さん 電気 ガス 使う ない 人 なる ほしい ない 俺 環境 汚染 する いい 思う る
-1.0,グレタさん若者の支持を集めるだけだったらそれで良いだろうけど、物事を前に進めようと思ったら、後ろにいる大人たちも少しは前に出て、カルトでは無いアピールした方が良くないか。カルトでないならば。,グレタ さん 若者 支持 集める 良い 物事 前 進める 思う 後ろ いる 大人 たち 前 出る カルト 無い アピール する 方 良い ない カルト ない
1.0,"グレタさんの考えに関しては まあ俺も車よく乗るし
なんだかなーって思うけど

若い子頑張れって意味では超リスペクト  

トランプさんとTwitterやりあっとるんやで？
#グレタさん",グレタ さん 考え 関する 俺 車 よい 乗る しなんだ なーい う る 思う うむ け どう 若い い 子 頑張る れる う る 意 味 リスペク トト ランプ り ある う る グレタ
-1.0,グレタさんみたいにファーストクラス乗ってるのに「超満員列車でドイツを移動中(^_^;) やっと家に帰るところです！」とか舐めた事抜かせる図々しさが欲しい……,グレタ さん ファースト クラス 乗る る 満員 列車 ドイツ 移動 中 家 帰る ところ 舐める 事 抜く せる 図 しさ 欲しい
1.0,TIME誌の表紙でも思ったけど、グレタさんの写真めちゃくちゃいいな、っておもう。撮る人がうまいの？,誌 表紙 思う グレタ さん 写真 めちゃくちゃだ いい おもう 撮る 人 うまい
1.0,みんなグレタさんのこと叩いてるけどさ、そもそも行動力がすごいと思う。高校生の時、世界に自分の意見を発信できる？？？？あと、学校に行けって言ってる人がいる。日本人っていつも学校でも仕事でもなにかと行く、参加する事が大事って勘違いしてる。大事なのはやっている内容、中身、勉強する事。,グレタ さん こと 叩く る 行動 力 すごい 思う 高校 生 時 世界 自分 意見 発信 できる あと 学校 行く 言う る 人 いる 日本 人 学校 仕事 行く 参加 する 事 大事だ 勘違い する る 大事だ の やる いる 内容 中身 勉強 する 事
-1.0,"グレタさんは言ってる事とやってることがちぐはぐで、そこが信用しきれないんだよなぁ。
グレタさん「帰りの列車は超満員」  ドイツ鉄道とツイッターで小競り合い https://t.co/402camfWKQ @afpbbcomさんから",グレタ さん 言う る 事 やる る こと ちぐはぐだ 信用 する きれる ない グレタ さん 帰り 列車 満員 ドイツ 鉄道 ツイッター 小競り合い さん
-1.0,グレタさんが叩かれるのは経済的に貧困なわけでもないのに教育を受けられる権利を放棄して、実在可能かどうかを検討もせずに声高に理想を喋ってるだけだからでしょ。あれに同調しちゃう人はプロパガンダに弱いと白状してるようなものだよ。,グレタ さん 叩く れる の 経済 的だ 貧困だ ない 教育 受ける られる 権利 放棄 する 実在 可能だ 検討 する 声高だ 理想 喋る る 同調 する う 人 プロパガンダ 弱い 白状 する る もの
-1.0,"地球がどうでもいいって訳じゃなくて、具体的な方法論がないなら絵空事でしかないんだよね。
グレタさんも大人を批判するのなら大人が納得できる方法論を提示すればいいよ。
 #アベプラ",地球 いい 訳 ない 具体 的だ 方法 論 ない 絵空事 ない グレタ さん 大人 批判 する 大人 納得 できる 方法 論 提示 する いい
-1.0,"グレタちゃんがどうこうではなく、グレタちゃんを神輿に担いで利を得ようとしている連中が問題。テロリストが少年兵を使ってるのと一緒…

「なぜ、いい年した男の人がグレタさんに反発」　茂木健一郎氏がツイッターで持論展開 #niconews https://t.co/DNXaBPa8ID",グレタ ちゃん どうこう ない グレタ ちゃん 神輿 担ぐ 利 得る する いる 連中 問題 テロリスト 少年 兵 使う る の 一緒だ いい 年 する 男 人 グレタ さん 反発 茂木 健一郎 氏 ツイッター 持論 展開
-1.0,RT @fj197099: グレタさん「帰りの列車は超満員」  ドイツ鉄道とツイッターで小競り合い （https://t.co/yNidA0i16F）…無礼で傲慢、飛行機はダメで鉄道ファーストクラスは良いという自己矛盾、本当にロクな大人にはならんな…。,（） 無礼だ 傲慢だ 飛行機 ダメだ 鉄道 ファースト クラス 良い いう 自己 矛盾 本当だ ロク 大人 なる
-1.0,"グレタさんは世界を相手に、大人の世界で活動してるんだから、本人の言動が批判されるのも仕方ないでしょう。

それに彼女は一人ではなく、多くの大人が担ぎ上げてバックアップしてるのだから、それに対して批判は控えろ(未熟な子供だから多目に見ろ)と言うのも、フェアじゃないと思う。

( ˘•ω• ) https://t.co/woAgH2VmnQ",グレタ さん 世界 相手 大人 世界 活動 する る 本人 言動 批判 する れる の 仕方ない 彼女 一 人 ない 多く 大人 担ぐ 上げる バックアップ する る 対する 批判 控える 未熟だ 子供 多目 見る 言う の フェア ない 思う
-1.0,"これもう、絶対汚い大人がグレタさんを傀儡にしてるでしょ
そんなレベルの演出 https://t.co/2kPYMh6dWJ",汚い 大人 グレタ さん 傀儡 する る レベル 演出
-1.0,"批判の矢面に立つのはいつもグレタさんで、その回りにいるはずの大人が何も批判されていない。
注目されやすい的を置いて、本当に動かしてるのが何者かを見極めなければならない。",批判 矢面 立つ の グレタ さん 回り いる 大人 批判 する れる いる ない 注目 する れる やすい 的 置く 本当だ 動かす る の 何者 見極める ない なる ない
-1.0,"フィフィも言ってたけど、グレタさんの賛同者が反対意見に対して子供（16歳が子供かどうかは置いとく）に大人げない対応だとか大人が子供をいじめているという反論使うのおかしいよね
よく引き合いに出されるキング牧師が黒人という事を盾にしていたか？
世界へメッセージを発する責任を皆認識すべきだ",フィフィ 言う る グレタ さん 賛同 者 反対 意見 対する 子供 16 歳 子供 置く とく 大人げない 対応 大人 子供 いじめる いる いう 反論 使う おかしい 引き 合い 出す れる キング 牧師 黒人 いう 事 盾 する いる 世界 メッセージ 発する 責任 認識 する
-1.0,グレタさんが最近話題になってるけど、あの子ちょっとな…。同じこと言うにももう少し違う言い方できるはずだし…。あと、彼女は発展途上国の問題を度外視して環境問題を語り出すから、所詮経済的に裕福な西洋人の主張になってしまう。,グレタ さん 最近 話題 なる る 子 同じだ こと 言う 違う 言い 方 できる あと 彼女 発展 途上 国 問題 度外視 する 環境 問題 語る 出す 経済 的だ 裕福だ 西洋 人 主張 なる しまう
-1.0,"@LoveperBlemish グレタさん自身は思春期特有の使命感や特別な自分という認識に酔ってるだけの子どもだと思うんのですが

彼女を支援している大人は明らかに軽い神輿を担いでる下衆なので反吐が出ますね…

中村 逞珂さんとかと同じで。",グレタ さん 自身 思春期 特有だ 使命 感 特別だ 自分 いう 認識 酔う る 子ども 思う 彼女 支援 する いる 大人 明らかだ 軽い 神輿 担ぐ る 下衆 反吐 出る ます 中村 逞 さん 同じだ
1.0,間違いは間違いといつかわかればいいと思うし、こんだけ若いのに色々機会も得てる中でクソ大人のみなさんに潰されることだけはないでほしいですね。グレタさん　活動するから若くても責任ガーとかはごもっともだけど、要するに全員同じでしょ,間違い 間違い わかる いい 思う こん 若い の 色々だ 機会 得る る 中 クソ 大人 みなさん 潰す れる こと なぐ ほしい グレタ さん 活動 する 若い 責任 ガー もっともだ 全員 同じだ
1.0,グレタさんは環境問題考えるきっかけとしてはとてもすばらしいんだから、それを考えればいいのでは…。彼女の素行のどうこうで自分の意見を変えるんかな。0か100かなのかなあ。信者になるかどうかの判断でもしてるんかいな。,グレタ さん 環境 問題 考える きっかけ する すばらしい 考える いい 彼女 素行 どうこう 自分 意見 変える 0 100 信者 なる 判断 する るん
1.0,"若い人が既得権益に対抗してるだけで応援したくなるよ。私が立ち向かう相手はショボすぎるからね。

あんな大きなものに立ち向かえるグレタさん。それだけの価値を認められてる訳。素晴らしいじゃない。",若い 人 既得 権益 対抗 する る 応援 する たい なる 私 立ち向かう 相手 ショボい すぎる もの 立つ 向かえる グレタ さん 価値 認める られる る 訳 素晴らしい ない
-1.0,グレタさんって世界に対して発言できるのはさすがだと思うけど、行動と発言が伴ってないんだよなぁ。,グレタ さん 世界 対する 発言 できる の 思う 行動 発言 伴う ない
-1.0,"グレタさんは、行動に信念を感じないのよなぁ。

中国は批判しない、ファーストクラスで帰国（は良いけど荷物置き場に座ってる写真の工作とか）、プラに囲まれて生活、とか。
完全にパフォーマーなのにムラがちょっとなぁ。

私の友達のロハス日本人夫婦の方が余程ちゃんとロハス生活してるわ。",グレタ さん 行動 信念 感じる ない 中国 批判 する ない ファースト クラス 帰国 良い 荷物 置き場 座る る 写真 工作 プラ 囲む れる 生活 完全だ パフォーマー ムラ 私 友達 ロハスだ 日本 人 夫婦 方 ロハスだ 生活 する る
-1.0,"いろんな意味でもうバレちゃってるよね
何故か中国は批判しない環境ガール

裏で操っている奴等は卑劣だよ
本当に

ドイツ鉄道、グレタさんにツイッターで応酬　「混雑し過ぎ」と形容され https://t.co/jACQ3nlUt9 #Yahooニュースアプリ",意味 バレる う る 中国 批判 する ない 環境 ガール 裏 操る いる 奴 等 卑劣だ 本当だ ドイツ 鉄道 グレタ さん ツイッター 応酬 混雑 する 過ぎる 形容 する れる ニュース アプリ
-1.0,"RT @Kamefuji2: ダメだよ、グレタちゃん❗️
ファーストクラスの切符持ってるのに、
なんでスーツケースの大荷物に囲まれて地べたでポーズ決めてんのよ⁉️
日本では、嘘つきは泥棒と左翼の始まりって言われるのよ❗️

グレタさん「帰りの列車は超満員」 ドイツ鉄道とツイッタ…",ダメ グレタ ちゃん ファースト クラス 切符 持つ る 荷物 囲む れる 地べた ポーズ 決める よ 日本 嘘つき 泥棒 左翼 始まり 言う れる よ グレタ さん 帰り 列車 満員 ドイツ 鉄道
-1.0,RT @haiiro8116: グレタさんに関しては、全世界に向けて黒歴史垂れ流し状態でかなり痛々しい事になっているよなと。,グレタ さん 関する 世界 向ける 黒 歴史 垂れ流し 状態 痛々しい 事 なる いる
-1.0,"グレタさん礼賛の声が大きいが、どうも私は素直に評価する気になれない。
普通の高校生？否。
ヨットで大西洋を横断するスポンサーはどんな勢力なのだろうか？

↓余り関係無い話題
/グレタさん「帰りの列車は超満員」  ドイツ鉄道とツイッターで小競り合い/
 https://t.co/9RP4MalSGY @afpbbcomより",グレタ さん 礼賛 声 大きい 私 素直だ 評価 する 気 なれる ない 普通だ 高校 生 ヨット 大西洋 横断 する スポンサー 勢力 余りだ 関係 無い 話題 グレタ さん 帰り 列車 満員 ドイツ 鉄道 ツイッター 小競り合い
-1.0,"RT 背後の勢力はあるでしょう。
でも大人には微塵も同情しません。
グレタさんのような心理的特性もない大人が、例え生活の為だとしても、仕事でやるなら自分の責任。
知人にマスコミ勤務が複数いますが、彼らが知らないで日本の不利益になる事に加担しているなら、不見識で愚かだといつか告げます。",背後 勢力 ある 大人 微塵 同情 する ます グレタ さん 心理 的だ 特性 ない 大人 例え 生活 為 する 仕事 やる 自分 責任 知人 マスコミ 勤務 複数 いる ます 彼 ら 知る 日本 不利益だ なる 事 加担 する いる 見識 愚かだ 告げる ます
-1.0,活動家に演出されるグレタさん。可哀想に。そして取り巻きの大人に怒りを覚えるべきだろう。,活動 家 演出 する れる グレタ さん 可哀想だ 取り巻き 大人 怒り 覚える
1.0,やたら、スウェーデンの女の子を批判するツイートがある。影響を認めているからだ。頑張って！グレタさん。,スウェーデン 女の子 批判 する ツイート ある 影響 認める いる 頑張る グレタ さん
-1.0,"グレタさんが何かと話題ですが。
正直、哀れに感じます。

彼女の周りの汚い大人たちに担ぎ上げられ、
ただ利用されているように思います。

彼女は将来、どんな大人になるのでしょうか。",グレタ さん 話題 哀れだ 感じる ます 彼女 周り 汚い 大人 たち 担ぐ 上げる られる 利用 する れる いる 思う ます 彼女 将来 大人 なる
-1.0,グレタさん、鉄道はいいんですか？？？？？,グレタ さん 鉄道 いい
1.0,親愛なるグレタさん、気候変動と戦う鉄道労働者を支援してくれてありがとう。ICE 74号にご乗車いただき、私達は嬉しいです。そして100パーセントグリーンエネルギー… https://t.co/XZ1m3IkwKk,グレタ さん 気候 変動 戦う 鉄道 労働 者 支援 する くれる 74 号 乗車 いただく 私 達 嬉しい 100 パーセント グリーン エネルギー
-1.0,グレタさんの不幸は、CO2の排出量世界一が中国であることを誰からも教えてもらえずに、そこから目を背けさせられ続けていること。彼女に賛同する周囲は中国にこそ訴えるべきであることを彼女に進言せずにただ称賛してしまうので、CO2を削減して地球を救いたいという彼女の願いは叶うことはない。,グレタ さん 不幸だ 2 排出 量 世界 一 中国 こと 誰 教える もらえる 目 背ける させる られる 続ける いる こと 彼女 賛同 する 周囲 中国 訴える こと 彼女 進言 する 称賛 する しまう 2 削減 する 地球 救う たい いう 彼女 願い 叶う こと ない
-1.0,@Shin_kurose グレタさんは電車はCO2を出さないと勘違いしてる様ですね。無知。,グレタ さん 電車 2 出す ない 勘違い する る 無知だ
1.0,今日からグレタさんを全面支援する。頑張れ！ https://t.co/Bjb0wtPJrU,今日 グレタ さん 全面 支援 する 頑張れる
1.0,"グレタさん不評が意外。
16歳の少女が頑張るなぁが感想。
娘位の年頃なので父親視線だ。
(娘居ないけど)

姪っ子より年少だから
父性を刺激されるようだ。
大のオトナが子供を
叩いてどうすんのか。

君たち16歳の頃何をやってた？
そんな立派な生き方してたかね？",グレタ さん 不評 意外だ 16 歳 少女 頑張る 感想 娘 位 年頃 父親 視線 娘 居る ない 姪 っ子 年少だ 父 性 刺激 する れる オトナ 子供 叩く すむ 君 たち 16 歳 頃 何 やる たい 立派だ 生き 方 する る
1.0,グレタさんを最初は否定していたけど彼女の意見は正論だし、環境問題への注目がこれほど集まる現象を16歳の少女が作り出したことは驚くべきことだと改めて思った。,グレタ さん 最初 否定 する いる 彼女 意見 正論 環境 問題 注目 集まる 現象 16 歳 少女 作る 出す こと 驚く こと 改める 思う
1.0,哲ライはグレタさんを応援してるのだ。,哲 ライ グレタ さん 応援 する る
-1.0,"グレタさんが嫌いという事もあるけど、環境活動というのは大変に胡散臭い。
そもそも、地球温暖化が本当に悪い事なのかという事自体疑わしいわけで。
身近な話で言うと、レジ袋有料化で温室効果ガスが減ったのかって。",グレタ さん 嫌いだ いう 事 ある 環境 活動 いう の 大変だ 胡散臭い 地球 温暖だ 化 本当だ 悪い 事 いう 事 自体 疑わしい 身近だ 話 言う レジ 袋 有料 化 温室 効果 ガス 減る
-1.0,"こういう人たちって人種や性別や年齢に関係なくやっぱウソつきなんだなぁ

グレタさん「帰りの列車は超満員」  ドイツ鉄道とツイッターで小競り合い https://t.co/2jpvMheUfj @afpbbcomさんから",人 たち 人種 性別 年齢 関係 ない ウソつき グレタ さん 帰り 列車 満員 ドイツ 鉄道 ツイッター 小競り合い さん
-1.0,"RT @Recover4men: グレタさんはしっかりと思想に染め上げられたマスコットで、その裏にいる支援者（と言う名の権力者）がいるように思えてしまう。
昔、高校の世界史で習ったジャンヌダルクを上手に使ったシャルル７世を思い出すよね。",グレタ さん 思想 染める 上げる られる マスコット 裏 いる 支援 者 言う 名 権力 者 いる 思える しまう 昔 高校 世界 史 習う ジャンヌダルク 上手だ 使う シャルル ７ 世 思い出す
1.0,@jp_showa92 ありがとうございます😊グレタさんの今後の動向に期待ですね。日本に是非いらして欲しいですね。トランプ大統領はすごい人ですね。前任者が弱体化させたアメリカを再び再生させている…。,ございます グレタ さん 今後 動向 期待 日本 いる す 欲しい トランプ 大統領 すごい 人 前任 者 弱体だ 化 する せる アメリカ 再生 する せる いる
1.0,グレタさんのことかなり応援してます,グレタ さん こと 応援 する ます
-1.0,"@K1MX4UWS0ahg10R 呼びかけに対するグレタさんの行動が見合ってないから叩かれてるのよ。浅はかすぎてね。
つまりは本気で考えてないのが見え見えだからあんな評価受けてるんですよ。
てか甘えてる？今ので環境について考えて無いなど言った？私が何に甘えてたか教えてくれます？
イキッて使うなよ",呼びかけ 対する グレタ さん 行動 見合う ない 叩く れる る 浅はかだ すぎる 本気だ 考える ない の 見え見えだ 評価 受ける る る 甘える る 今 環境 つく 考える 無い 言う 私 何 甘える たい 教える くれる ます て 使う
1.0,"グレタさんあの年齢であれだけの行動力あるってすごいと思うんだけどなぁ
少なくとも安倍よりは(ry",グレタ さん 年齢 行動 力 ある すごい 思う 安倍
-1.0,"前から思ってたけどほんっとグレタさんみたいな人無理だわ
まあ、うちらに伝わってきてる情報って、多少はねじ曲がって変に誇張されてるけどそれを踏まえた上でも無理
なんか、自分の考えが全てにおいて正しく、人は自分の意見を受け入れてしかるべきとかおもってそうなこと言ってんじゃん",前 思う る ほん グレタ さん 人 無理だ ら 伝わる くる る 情報 ねじ曲がる 変だ 誇張 する れる る 踏まえる 上 無理 自分 考え おく 正しい 人 自分 意見 受け入れる おもう そうだ こと 言う
1.0,もっとも、グレタさんは経済・産業界そのもの全てを非難しているわけでは決してなくて(もちろん非難自体はしてるけど)、彼女が言いたいのは、特に環境へ影響が出る分野については、もういい加減経済効果やら生産性やらよりも優先すべきことがあるって皆さんもわかってますよね？→,グレタ さん 経済 産業 界 そのもの 非難 する いる ない もち ろん 非難 自体 する る 彼女 言う たい の 環境 影響 出る 分野 つく 経済 効果 生産 性 優先 する こと ある 皆さん わかる ます
-1.0,@miyaderatatsuya なんでグレタさんは飛行機がngで電車はokなんだろ…,グレタ さん 飛行機 電車 なん
-1.0,"グレタさんはアメリカのトランプ大統領は睨み付けるくせに，世界で最も二酸化炭素を排出する中国については全く批判しない。
何か政治的意図が入り込んでいるのでは？",グレタ さん アメリカ トランプ 大統領 睨む 付ける くせ 世界 二 酸化 炭素 排出 する 中国 つく 批判 する ない 何 政治 的だ 意図 入る 込む いる
-1.0,グレタさんの主張も彼女を批判したりたしなめたりする大人にも興味はないけど彼女一人の活動の為にどれだけの人が働いていて、利益があるのか、はすごい興味がある(おそらく背後には中共がいる)と思うのは俺だけじゃないだろうし、それこそ一般的な大人全員の興味だろうからそこを記事にして欲しい。,グレタ さん 主張 彼女 批判 する たしなめる する 大人 興味 ない 彼女 一 人 活動 為 人 働く いる 利益 ある すごい 興味 ある おそ らくだ 背後 中 共 いる 思う の 俺 ない 一般 的だ 大人 全員 興味 記事 する 欲しい
1.0,最近話題性のグレタさんについてのwikiの文章がわざとかってぐらい分かりにくいのは見えない圧力なのかな。個人的にはアスペルガーのことをスーパーパワーと表現してるとこに好感を持てるので応援していきたい。様々な思惑に潰されたり利用されたりしないように祈ってます。 https://t.co/GAsFUqqq1a,最近 話題 性 グレタ さん つく 文章 かってだ 分かる にくい の 見える ない 圧力 個人 的だ アスペルガー こと スーパー パワー 表現 する る とこ 好感 持てる 応援 する いく たい 様々だ 思惑 潰す れる 利用 する れる する ない 祈る ます
-1.0,"グレタさんのバックにいる連中が彼女を利用するのはこういう彼女への反論がでた時に「子供になんてことを💢」と騒ぎ、メディアを使ってその反論が悪行であるかのように世界に喧伝して批判を遮断させるのが目的としか思えない。自分達の活動に子供を利用する心底最低な連中。

https://t.co/rRMq4yaZ74",グレタ さん バック いる 連中 彼女 利用 する の 彼女 反論 でる 時 子供 こと 騒ぐ メディア 使う 反論 悪行 世界 して 批判 遮断 する せる の 目的 思える ない 自分 達 活動 子供 利用 する 最低だ 連中
